relative_path,bytes,sha256
.gitattributes,111,78dcb84e4e761366c7940c82f722d0806ae899b3c850214baa09c69e13d49160
.gitignore,144,89a1e3cc0cc1e47d16baa7dbcd9db6b9027b458ac988b018ab23f2fa77236948
.matplotlib/fontlist-v3.11.0.json,148271,b65f3417efc922993d3b32de974d67fb675d35bfd7792e38d5094b821d90cc95
CITATION.cff,518,c0dfcf89648850aefe08118e59d20a63a5495c16d0de2401c00c30146c32c619
code/__init__.py,73,0f4a42fda611e5e0a225e9bdcac3333402451efcd528c22ab40aaa846dff1988
code/microled_align.py,8851,2fda0dcd937dc31b0c7d492e338028d0c5a3e4b7aa0c6b0757706af404232284
code/microled_expanded_align.py,13759,a281ba2ef7f38ba97ef24042d8446a81729f0b9d1735578d3fe6d2c3c1021705
code/microled_fuzzy_extractor.py,32621,a7bb2b5948e05572be5c1206903e19682592d8646b15812d2643c91409d24a64
code/microled_prepare_stability_only_profile.py,2984,73d064185b129da7979dbc146a0dda68ac42c479e0ffeeb80fd780b03a7ad70e
code/microled_puf.py,15208,e6a3ab86ce9c26a28934a55bbe5332d2acdce3b58d738e17021a57600cd0e47c
code/microled_response.py,6063,969b5d45ea57ca7ec074f0884c10602171ef4896984cb689c754af91cc655798
code/README.md,588,a4108035890976c9f2e0048691842f251be63c9f1bc59522cf16fad463d5b986
data/00_raw_rgb_M1_M6/M1_10mA_20C_0/frame_0001.jpg,47968,b822ba43491b89c1c0e983bd441100b14389d3c5abfb291353faebcf778d8afb
data/00_raw_rgb_M1_M6/M1_10mA_20C_0/frame_0002.jpg,47055,2baffc3e05b9416952e172c4cfe5febc9e00139f6c0cb7a09bf3c8cff55dc58c
data/00_raw_rgb_M1_M6/M1_10mA_30C_0/frame_0001.jpg,52161,7bc8b96cac9335263dd4b8e47af0bb5c7aaa0d087f4674167cf73f9255d84cb4
data/00_raw_rgb_M1_M6/M1_10mA_30C_0/frame_0002.jpg,56161,1b92352e2244ac224169d60b8149a0ebc7883ab6b2e3d8ef40631931b2743d87
data/00_raw_rgb_M1_M6/M1_10mA_40C_0/frame_0001.jpg,42274,7bceebce7f1f8ccd679987c8640754578367deec115d0efb6c4fec380dda9d80
data/00_raw_rgb_M1_M6/M1_10mA_40C_0/frame_0002.jpg,41130,b72bb77bffc53c294b95c6a1713912d166e1699539c980ae5b41d18826ec0ecc
data/00_raw_rgb_M1_M6/M1_20mA_20C_0/frame_0001.jpg,133324,e2d36ffd67a7a4c006ec57c3842e23bf59ce165b1742ed3b4483e66d1ba6f170
data/00_raw_rgb_M1_M6/M1_20mA_20C_0/frame_0002.jpg,24820,688ef076ed7cdf2f1e9c9645876d3f89e9ad9d78236c175a8121842c7ddff9f1
data/00_raw_rgb_M1_M6/M1_20mA_30C_0/frame_0001.jpg,111252,f4868a291c687d0024713abf8bfc011ee4eb6eded442897dd45dd8e5145bb827
data/00_raw_rgb_M1_M6/M1_20mA_30C_0/frame_0002.jpg,26625,a99b9e34aa67e473c5c212d9da6918407f34d9253e44777fdbd6216f50175ad1
data/00_raw_rgb_M1_M6/M1_20mA_40C_0/frame_0001.jpg,130039,5dc5ffd499b9337349af4241e017b2877843b773e3adc2cb5d91d99bd833d7ae
data/00_raw_rgb_M1_M6/M1_20mA_40C_0/frame_0002.jpg,32659,1a11d6107a4f4e31d554ad21f12b0e7a1eb19708fc8dfae5c1a59b6294f51b8f
data/00_raw_rgb_M1_M6/M1_30mA_20C_0/frame_0001.jpg,153597,fcdfd49962481e3ef15afdcc6c4bf3c476e9b57d7f1c89ea6d4546deae1f08f2
data/00_raw_rgb_M1_M6/M1_30mA_20C_0/frame_0002.jpg,43816,82974114cb84f1775047ae9164d035fd4fa897167afba162839bb6015f5a80d7
data/00_raw_rgb_M1_M6/M1_30mA_30C_0/frame_0001.jpg,36360,d97507a041e0f4bdde1099b38b02dd5d8889d63a84af577b7a383b2cf767cb94
data/00_raw_rgb_M1_M6/M1_30mA_30C_0/frame_0002.jpg,45054,54a1b3d7e45bd6ac000681216240282ae9c6c9f1c79c3ed54fc54d0a5280e55c
data/00_raw_rgb_M1_M6/M1_30mA_40C_0/frame_0001.jpg,130219,25363f664e54ddc8d75b843fa15790bd04ea8b0cf19ff1dbba293e8d73afe14f
data/00_raw_rgb_M1_M6/M1_30mA_40C_0/frame_0002.jpg,27395,6aa55fe30310e17f4ab79cac23f5ca3451ab6e96e9d06338e0711beeb652a0a5
data/00_raw_rgb_M1_M6/M2_10mA_20C_0/frame_0001.jpg,155165,293c540cdf64214bc7572acb22fa0a53b297a38023373e9a35d2e0bd6cb93893
data/00_raw_rgb_M1_M6/M2_10mA_20C_0/frame_0002.jpg,103293,4d679cb394b89592e9dcefe5a29f43fdd1e0988cc9fe7dc6843766db8b1faedb
data/00_raw_rgb_M1_M6/M2_10mA_30C_0/frame_0001.jpg,30297,078ca701de380a122a67b8bf52c0aa3992060d39a9e3545c6b791fa0b1b1201a
data/00_raw_rgb_M1_M6/M2_10mA_30C_0/frame_0002.jpg,102661,9da98ef1efb9815ccb5c6d9393f7703fdaa0e94a589e95c178efcdb572910df8
data/00_raw_rgb_M1_M6/M2_10mA_40C_0/frame_0001.jpg,124132,c6fec6165265fe22087b895b2e08c24c8db9010411fc0de1c1a88bdbd179d571
data/00_raw_rgb_M1_M6/M2_10mA_40C_0/frame_0002.jpg,193690,71481cd79aa613ba1f2590ea2c6dd9fa6912823eb5320e5895700bc9d18c35dd
data/00_raw_rgb_M1_M6/M2_20mA_20C_0/frame_0001.jpg,35829,bdede44889faa52978bb404b65b1eabbc41f9dbe4cbaa200162a24514ae8067b
data/00_raw_rgb_M1_M6/M2_20mA_20C_0/frame_0002.jpg,30370,899894473987f8276754ea61aa43b857f0ca0a5f784af8014e03a0fcea392878
data/00_raw_rgb_M1_M6/M2_20mA_30C_0/frame_0001.jpg,45097,a06c97d90d5b81a2a3d3b9ae96e3d2719856c2ba9895ba142ec662d5d1a96a32
data/00_raw_rgb_M1_M6/M2_20mA_30C_0/frame_0002.jpg,100603,1c9bb82d1cf284ac2f5f60088bf80503435e13c9c197888bdf0cb30d8e25cecd
data/00_raw_rgb_M1_M6/M2_20mA_40C_0/frame_0001.jpg,33290,90a7f03086370b7bd71412e98a4111579d5321be0dc0f7276ff3591d81ce601b
data/00_raw_rgb_M1_M6/M2_20mA_40C_0/frame_0002.jpg,31248,a3e1075af5ab0538feed1208651bfef70b12978c28d7ad3887aac99ab504edea
data/00_raw_rgb_M1_M6/M2_30mA_20C_0/frame_0001.jpg,37481,3ac61e4a90472f97c418c51d0e751d70a0551878c0c0f6df5823d8a091c0e357
data/00_raw_rgb_M1_M6/M2_30mA_20C_0/frame_0002.jpg,44489,8e99763df882e7f38eeedabfd0ffabb917e554eaf0e9be07875abf4db48d8591
data/00_raw_rgb_M1_M6/M2_30mA_30C_0/frame_0001.jpg,34845,5711fb527c73ad883ef47d075c3f98ce162079d7c187e266c442483dd1772ab7
data/00_raw_rgb_M1_M6/M2_30mA_30C_0/frame_0002.jpg,51321,d6d2697b65576eb1f934e22d7568042ff58f539fc9e7946db2bf5472a7e462bc
data/00_raw_rgb_M1_M6/M2_30mA_40C_0/frame_0001.jpg,119013,74fce0dea504ea738b4ed1f9af3de01bca9bd2167bdac5dc68377132dd4a6e6a
data/00_raw_rgb_M1_M6/M2_30mA_40C_0/frame_0002.jpg,29221,f8c7ff9370afa2599c98fcde131225575c7faf2eb3e4e6a388b68e050c59490d
data/00_raw_rgb_M1_M6/M3_10mA_20C_0/frame_0001.jpg,37017,fb72c67175818ce8a85fa46cedf3522216a23aa5b9dd1af7d8408911fc8c3772
data/00_raw_rgb_M1_M6/M3_10mA_20C_0/frame_0002.jpg,54357,8f996a6c65047fa6517222ad97a61f739d9fcbbabc7fe1ba62837ded5ed5e66d
data/00_raw_rgb_M1_M6/M3_10mA_30C_0/frame_0001.jpg,213831,06fb131f78e4345b667248d1d3d71587601ac30d3caf92e1c47502703857f293
data/00_raw_rgb_M1_M6/M3_10mA_30C_0/frame_0002.jpg,120125,c11e47a8a14ece4d01771396e00e0dcb63b0986bad239bd3b72cb1e947edc55c
data/00_raw_rgb_M1_M6/M3_10mA_40C_0/frame_0001.jpg,37229,5e19b1c00894a990f645862a622cf768bc39c2c4dd082246d82a6bd586d99282
data/00_raw_rgb_M1_M6/M3_10mA_40C_0/frame_0002.jpg,38286,5488c8ce152f88bf5a814fc2d4ddcbb77ed6fa1140cf76863f630f74316e2dd6
data/00_raw_rgb_M1_M6/M3_20mA_20C_0/frame_0001.jpg,148856,e82a38268e825d631d4360f942d76749eb476e9cb9917fc31b30f886b4d99e42
data/00_raw_rgb_M1_M6/M3_20mA_20C_0/frame_0002.jpg,50692,bcefc77653d3031e2435dfad3870559508417fea888eea6bf493575f5b4538a9
data/00_raw_rgb_M1_M6/M3_20mA_30C_0/frame_0001.jpg,105288,21b458007a79f2dc1260795e785a64ab078b7afa9f5432c98980a99166bf207b
data/00_raw_rgb_M1_M6/M3_20mA_30C_0/frame_0002.jpg,66342,34166c3da49f8bb7f6e74bad7911d85a990bd8986c18e6fb711ed5b3c6f664ab
data/00_raw_rgb_M1_M6/M3_20mA_40C_0/frame_0001.jpg,43117,381d76f385f0bd92d9780154b0313e96100a23e7afb15606df2413d67cfcd322
data/00_raw_rgb_M1_M6/M3_20mA_40C_0/frame_0002.jpg,41833,eba1fa6f0983c3780e7af83cd7a1f03af6c28a9ab6884dcef3d1bd9e74bd33b4
data/00_raw_rgb_M1_M6/M3_30mA_20C_0/frame_0001.jpg,100933,08922dda880c303d6572015097a1b494cd4154c2de7dfef2184055594632bddb
data/00_raw_rgb_M1_M6/M3_30mA_20C_0/frame_0002.jpg,83298,3bde009a3427882e39e5b3cc1d8e8127f9271439986103cd083a1dcd900c66ed
data/00_raw_rgb_M1_M6/M3_30mA_30C_0/frame_0001.jpg,56052,9130f457421eadfd51ba5a27582b05a4094e618d154b43bad8ead2cc6c887864
data/00_raw_rgb_M1_M6/M3_30mA_30C_0/frame_0002.jpg,130198,cb00084347eede60f470f431826159e0fd9b0f4d1fca524a0b063db2df50451a
data/00_raw_rgb_M1_M6/M3_30mA_40C_0/frame_0001.jpg,80929,fa5f6f69cd7125f6d6d67fa7061de28676469128baaf040a0c35b20ea387b462
data/00_raw_rgb_M1_M6/M3_30mA_40C_0/frame_0002.jpg,39654,f018aa9314a8d4083b53ac8258ace89d345808cb0878a8dc82c961f6383eb139
data/00_raw_rgb_M1_M6/M4_10mA_20C_0/frame_0001.jpg,39376,3a68806948786bbd4204db59362b566a053fe52cdd0cc14c6417685a10f34249
data/00_raw_rgb_M1_M6/M4_10mA_20C_0/frame_0002.jpg,46356,ff7269214593e0f90577c7b9e9686054d71287e36da595ef1deac6f351f4b72d
data/00_raw_rgb_M1_M6/M4_10mA_30C_0/frame_0001.jpg,27058,7ede042518dc55b2ad56ed6f1f8473ac8871fd8f93b3997287056cf81f284b3b
data/00_raw_rgb_M1_M6/M4_10mA_30C_0/frame_0002.jpg,70779,03f97429987f9bcbe7e1bb8b1dfcee6770596ed35ab07d54c4f6fca9ba62e5f8
data/00_raw_rgb_M1_M6/M4_10mA_40C_0/frame_0001.jpg,58110,0c9808e5001a008204d7b1a1faa5761a4eb18319d2cd34fff33ab44a4d092674
data/00_raw_rgb_M1_M6/M4_10mA_40C_0/frame_0002.jpg,160170,f4f5ec0c6264f4697f524e3a9683c94f9aac4f84f870a31cd1a8045a9f812a15
data/00_raw_rgb_M1_M6/M4_20mA_20C_0/frame_0001.jpg,36177,fe836a6d4f50c3c0aa857dfc4efc5224ac5bb88ff73a3522c5572568498c6a89
data/00_raw_rgb_M1_M6/M4_20mA_20C_0/frame_0002.jpg,31204,7613fd58d5ddd6c57cab733d29b441c56707baef7da42389bc546eb378077551
data/00_raw_rgb_M1_M6/M4_20mA_30C_0/frame_0001.jpg,78343,9174e3077c02f1f6d78d0657259d1cd979da756a227faf68f7f67196754a8bdd
data/00_raw_rgb_M1_M6/M4_20mA_30C_0/frame_0002.jpg,47884,5a0441514cd160c66c239e0dc033b2290f73072656deb95a878d1c7c8a5e6571
data/00_raw_rgb_M1_M6/M4_20mA_40C_0/frame_0001.jpg,41208,78d0f408bcf203a5335b4e15d388b0b3098310dfe26ec0cc3a00bb7cd11d3892
data/00_raw_rgb_M1_M6/M4_20mA_40C_0/frame_0002.jpg,157527,e189f6a049a67475cb8f5fd031df44990c0e61445a89fb6d2c987fc17cebadd8
data/00_raw_rgb_M1_M6/M4_30mA_20C_0/frame_0001.jpg,39472,6cacbf38f027bac8160077bef2e1bf653349905a43b179c4fbb87fb03b96da03
data/00_raw_rgb_M1_M6/M4_30mA_20C_0/frame_0002.jpg,39364,efbb38db71c4e91f48baa9a8d8a6acb368b6400e18f9f5a1b85e8eb6de815f59
data/00_raw_rgb_M1_M6/M4_30mA_30C_0/frame_0001.jpg,44565,9030c79a3fecd280e10c125b552d68e4b3d9211f5355f1f71590f5d56d3cfd61
data/00_raw_rgb_M1_M6/M4_30mA_30C_0/frame_0002.jpg,46703,201d5e6d367258af8ee574638f7f15dc0c43081bda9ecb9d56479e70770d5364
data/00_raw_rgb_M1_M6/M4_30mA_40C_0/frame_0001.jpg,39181,99edd607fc20b5a4f7857917b835cf470dd74ffd13efda41efacfc6228c12f1d
data/00_raw_rgb_M1_M6/M4_30mA_40C_0/frame_0002.jpg,51457,9972c1a45adcac39701640f76dc8841e755df61235aef3a1e11c99b299d5fb34
data/00_raw_rgb_M1_M6/M5_10mA_20C_0/frame_0001.jpg,80486,596a09cb412dd4e71ecfcedf601f1578fef847d1305061bfbb8fb0bea0074c49
data/00_raw_rgb_M1_M6/M5_10mA_20C_0/frame_0002.jpg,199015,87be3c9aa88e23f105ebbff59ee9e2e7aff32bd389826ce29bb769fb5674ce56
data/00_raw_rgb_M1_M6/M5_10mA_30C_0/frame_0001.jpg,90794,db29f7de833251cae1f767d86150cd0c97b7d4f867e1af41206866e55834e6de
data/00_raw_rgb_M1_M6/M5_10mA_30C_0/frame_0002.jpg,83176,cd1b2361f147adddd9ee9c10f30963ad8f1571898758203aea3c2855c914ffef
data/00_raw_rgb_M1_M6/M5_10mA_40C_0/frame_0001.jpg,80832,7e2582927aade1dfd4e0dda23eb564d6d903516f42c550b660bc94e32fd4dbba
data/00_raw_rgb_M1_M6/M5_10mA_40C_0/frame_0002.jpg,115638,26c232ddc4a5bb1b1e98d462ebdf6104bc579676c8c9a1020dd3154960e2de44
data/00_raw_rgb_M1_M6/M5_20mA_20C_0/frame_0001.jpg,133699,ac84d25c17e4edfbbc41d180103a7e66cb60b4fdd2becafd13607fa1b95c944e
data/00_raw_rgb_M1_M6/M5_20mA_20C_0/frame_0002.jpg,118503,5feaf10dd9e256cd72c76d2024a88ce5023ab9f405e4dfd5f4f530c3fa993651
data/00_raw_rgb_M1_M6/M5_20mA_30C_0/frame_0001.jpg,93802,02f1d3065c57b13c3a1b83aa934f805c3875e581d63b0ef4a6dd09507ce40757
data/00_raw_rgb_M1_M6/M5_20mA_30C_0/frame_0002.jpg,73953,7da9ccc2c42ba7226ca7c7ccfdfedcdbd86bf3b37889c777f561a58ade0260b1
data/00_raw_rgb_M1_M6/M5_20mA_40C_0/frame_0001.jpg,73406,4c69c54558899611c89e2df58d8a87e50158d034870b123084a9c07471943c25
data/00_raw_rgb_M1_M6/M5_20mA_40C_0/frame_0002.jpg,64210,2c972e37042c18c23bcb3965c93b5cd37f0561f1f64306cf5226746ea19c7a0b
data/00_raw_rgb_M1_M6/M5_30mA_20C_0/frame_0001.jpg,59198,68f5b0eab63e95f3f8f25b2ae4617ad55bdbde4f0b580d8b2d96d9a3c042e555
data/00_raw_rgb_M1_M6/M5_30mA_20C_0/frame_0002.jpg,109621,9bf91191cd176169ecc275312c8c2252b2f2bccd736c8689807b925e935800f5
data/00_raw_rgb_M1_M6/M5_30mA_30C_0/frame_0001.jpg,46805,024803ef8a08cb4efacdd374689c94e40fb9e163fa5931f706a5ba3ab6535c19
data/00_raw_rgb_M1_M6/M5_30mA_30C_0/frame_0002.jpg,43946,8bc5c4c35a5d887932820249972050b9923493d85b724354f7e54f81197764a5
data/00_raw_rgb_M1_M6/M5_30mA_40C_0/frame_0001.jpg,95713,55f6071c81902d8cc1f975bbb2ccb2ad01136174023e5b02841a445bc74d7784
data/00_raw_rgb_M1_M6/M5_30mA_40C_0/frame_0002.jpg,28247,9fd2c3357112c900ad6bdb63f7245ec919bb14aef469c5aff06ddf2f2684189c
data/00_raw_rgb_M1_M6/M6_10mA_20C_0/frame_0001.jpg,43250,67715183783b87e63398826245bf16ed2607cd6e5894eb78bbb6b712d9154d48
data/00_raw_rgb_M1_M6/M6_10mA_20C_0/frame_0002.jpg,49885,be81dc39f63c8e97167c4d9d503a69ba1f925ad54b9b844e08aaf5592904e83b
data/00_raw_rgb_M1_M6/M6_10mA_30C_0/frame_0001.jpg,106928,80547048c39130550a2e824f9504e3e0e1547d9cce6ded5cc549fd1e0dea2321
data/00_raw_rgb_M1_M6/M6_10mA_30C_0/frame_0002.jpg,141627,86d6ddc7323830efd619e096d42978d47073ff8e3cda85ec71c357d5d35cd115
data/00_raw_rgb_M1_M6/M6_10mA_40C_0/frame_0001.jpg,36473,50db1274810ab0862ccf2448c308c50ba41da0d3f0b5f5d561e3b07a4d305a62
data/00_raw_rgb_M1_M6/M6_10mA_40C_0/frame_0002.jpg,38901,b26a3337b246a64de4dfdb6f75ba26f91180c66beb204fe7582c53fed53c1b4e
data/00_raw_rgb_M1_M6/M6_20mA_20C_0/frame_0001.jpg,55898,fa7640d2c64d53c38331a847d0c8097db687296f5b59c75ada5d3d2b864c9463
data/00_raw_rgb_M1_M6/M6_20mA_20C_0/frame_0002.jpg,60199,f5656a9e4dd096ddd955a7ea5f71b708cd43e787536f7e5b74314001ccc0e3c9
data/00_raw_rgb_M1_M6/M6_20mA_30C_0/frame_0001.jpg,62081,7b607d0ec09655ba5b3e3175c0cc73d62c55681a64bb2c76cb86c60a55d13a8f
data/00_raw_rgb_M1_M6/M6_20mA_30C_0/frame_0002.jpg,40847,d27ed74c5eb527d3dac4d1bf4d60330ad379af18fc3c33b78e586e192f606def
data/00_raw_rgb_M1_M6/M6_20mA_40C_0/frame_0001.jpg,38578,66f5a94973389b543b55c31c12db4e785291b83fad461f7146d1108cf9770808
data/00_raw_rgb_M1_M6/M6_20mA_40C_0/frame_0002.jpg,72922,3c16b97d3cb87cd77ee804dc5e5d373b39d13c286fa0a5fb16a332966f2232e5
data/00_raw_rgb_M1_M6/M6_30mA_20C_0/frame_0001.jpg,41374,9a388f742c07bea57435f67df7b4542af979131e50e070d9c671a0930b8aa039
data/00_raw_rgb_M1_M6/M6_30mA_20C_0/frame_0002.jpg,82237,09b21ec8343221c03866a52d5143e4f577b1233d82a2c64ab1f7a33a767f1282
data/00_raw_rgb_M1_M6/M6_30mA_30C_0/frame_0001.jpg,58909,d5ef9be45906f5f9afb7448862f499410fb6e9aa47064050c2c039d8248fe747
data/00_raw_rgb_M1_M6/M6_30mA_30C_0/frame_0002.jpg,32491,55bb102fbd57731442b6b6d0c1faffaf3642b0e2bb169ba0a1b9353436b6ea25
data/00_raw_rgb_M1_M6/M6_30mA_40C_0/frame_0001.jpg,56085,abdc27183bd87c2915b61da41c407d5ed6227806152c947c5393ed25e5f02a44
data/00_raw_rgb_M1_M6/M6_30mA_40C_0/frame_0002.jpg,115022,ade6b6ad0e29f04b5e5922b120e69135070d1709ad0822b3acf71da0a42ccfa9
data/01_yolo_detector_sample/dataset_report.md,433,b3fee9b6b3df3c25f58b3cff4d66f137b7635c973f89e07573885cecab1d62e4
data/01_yolo_detector_sample/images/train/M1_10mA_20C_0/frame_0003.jpg,29517,70182bdcf433309bc171c0448de79aa382c006bb18abad6f119d48198df13ad7
data/01_yolo_detector_sample/images/train/M1_10mA_20C_0/frame_0006.jpg,124514,25faba2a195dd0671a01f73104d621bb34e95cfd6d6dfa5adf31dfcc245267a1
data/01_yolo_detector_sample/images/train/M2_10mA_20C_0/frame_0005.jpg,59647,a129004d53d1ebb5cce8856c1c0f53a58705a9833146166de7d51d96aade3ccd
data/01_yolo_detector_sample/images/train/M2_10mA_20C_0/frame_0010.jpg,58315,b81b16950cdd1617ee2a13a05d23187271ae3311dc0e13d46901fe387c4e7953
data/01_yolo_detector_sample/images/train/M3_10mA_20C_0/frame_0006.jpg,33798,ab676c0130cab48d59ec1011e85f71331757e86e708e8af6fa1766625c2ce6e0
data/01_yolo_detector_sample/images/train/M3_10mA_20C_0/frame_0009.jpg,113158,754b2cff900c441fc556e324aedbd20aeab405627a5f1fb1e4a0dcba0f5d19e2
data/01_yolo_detector_sample/images/train/M4_10mA_20C_0/frame_0001.jpg,39376,3a68806948786bbd4204db59362b566a053fe52cdd0cc14c6417685a10f34249
data/01_yolo_detector_sample/images/train/M4_10mA_20C_0/frame_0011.jpg,145617,9be5750a01505a7d5c0039223fb1de945747fa98f83db4c1bcba754320d49acd
data/01_yolo_detector_sample/images/train/M5_10mA_20C_0/frame_0006.jpg,81584,8abd5498eb6c0c89fb8ea3e22c429ed5bcb73f1e37cb5119553ed121e836537e
data/01_yolo_detector_sample/images/train/M5_10mA_20C_0/frame_0010.jpg,113108,b952ce9e99563bdbebb161449064d1c83f675e96d52ce85502aa83b795fd91fa
data/01_yolo_detector_sample/images/train/M6_10mA_20C_0/frame_0003.jpg,157013,6d9d8c231fa67835f15b189d5b82d51190aa5620ab03f659e1906a6f8b98b5dd
data/01_yolo_detector_sample/images/train/M6_10mA_20C_0/frame_0008.jpg,65007,accee505d60dc203d7f49bd97116fcd08cb00718a035c1b85b01ade72d06724a
data/01_yolo_detector_sample/images/val/M1_10mA_20C_0/frame_0031.jpg,87987,793cc5cc2e45a5f0867d4f3c7640eab9d0e57e932617c3201cf0bd7d17dfc149
data/01_yolo_detector_sample/images/val/M2_10mA_20C_0/frame_0009.jpg,75146,e8c9be472c556063b8e5581f31948d2d0ae9cbd0ea0e3901c5974e44f4e48c83
data/01_yolo_detector_sample/images/val/M3_10mA_20C_0/frame_0004.jpg,29561,701507a4ce41bf0a13d6e26c4c4d5dcb7761cdeeb14489cc71eae732d989b64c
data/01_yolo_detector_sample/images/val/M4_10mA_20C_0/frame_0005.jpg,30100,a6bc379365f08cb4684e5952d75df0ea47ef2c56adbab41bdfec6b4d9739bbb2
data/01_yolo_detector_sample/images/val/M5_10mA_20C_0/frame_0026.jpg,128348,1850f8ca53d185ae15ec94e40bb3fca8375b8a82e288f958d4eb591bb0de161d
data/01_yolo_detector_sample/images/val/M6_10mA_20C_0/frame_0098.jpg,66047,675bacff09b1e8ac6f9b87b74cca823535b283b3aeddfc6d75baeabf88e5b31a
data/01_yolo_detector_sample/labels/train/M1_10mA_20C_0/frame_0003.txt,47,8d8ae0e1d800f42a0a935102bc9b41fe79bb91673877c66054579de2fe9a97d1
data/01_yolo_detector_sample/labels/train/M1_10mA_20C_0/frame_0006.txt,47,fc0bc675aa16cd9d29baa9d963feee35c232051c8351fc65e4a65ca5efb6aea3
data/01_yolo_detector_sample/labels/train/M2_10mA_20C_0/frame_0005.txt,47,eab7e4ae3b5f0c5fdd5b98545e586f2c86869453b0d2cd8edcc3f4f28ee1f193
data/01_yolo_detector_sample/labels/train/M2_10mA_20C_0/frame_0010.txt,47,9b7e44562b8da15ec656e94b8ac1603e0c59a362387f0ff27e1e0bdd960d411b
data/01_yolo_detector_sample/labels/train/M3_10mA_20C_0/frame_0006.txt,47,e47ff75d806bb491c9909b6a5dd35e05e1952e7dd3c1cc5be075c69c2899442e
data/01_yolo_detector_sample/labels/train/M3_10mA_20C_0/frame_0009.txt,47,c8d77e98371baf7c78779d02f48a96d4942485bbf7f4741e5dd6a4faefa153f9
data/01_yolo_detector_sample/labels/train/M4_10mA_20C_0/frame_0001.txt,47,8ca640c4f572b0878bf2d1e7217688ada90cb6f74e90ce3a520321884777e09b
data/01_yolo_detector_sample/labels/train/M4_10mA_20C_0/frame_0011.txt,47,f0ada574d35c8af4f3fefebae268312b75f66fa5e0b0feb85885d093403251ca
data/01_yolo_detector_sample/labels/train/M5_10mA_20C_0/frame_0006.txt,47,4fc3a5ddde4bd1477a25db953fe19fd7568e97a87e39e4f5ddf518346924f399
data/01_yolo_detector_sample/labels/train/M5_10mA_20C_0/frame_0010.txt,47,e69f1e56e71e1bd1027efd2ed9a76f49741618f8a2d0efc4f9b753959fbe9f3b
data/01_yolo_detector_sample/labels/train/M6_10mA_20C_0/frame_0003.txt,47,e5b0182a7433d160df57d7f33500201bf6b93d88856ba82c2a7bb71a84d0be9e
data/01_yolo_detector_sample/labels/train/M6_10mA_20C_0/frame_0008.txt,47,3296322299c96bb513a37cad1c42bc7793239346eebb0c944a177bacb717b0ad
data/01_yolo_detector_sample/labels/val/M1_10mA_20C_0/frame_0031.txt,47,99a66737927ee61fdeef60441d1839fac4cfe8b3760ee66139c508a576b7df99
data/01_yolo_detector_sample/labels/val/M2_10mA_20C_0/frame_0009.txt,47,46283d46168f5d07667e99ce23251cfa3cbdc4e27388cf08908ef30cc215a6c1
data/01_yolo_detector_sample/labels/val/M3_10mA_20C_0/frame_0004.txt,47,daa752e028ed5d94ed0b8aff75bc8873097945964284ee3ba585ad7b9d1bfe67
data/01_yolo_detector_sample/labels/val/M4_10mA_20C_0/frame_0005.txt,47,9c2d13a0ba01c6ef011e15a67c45af7a247b76613c3d9cc7aa1735c7e1a77b0d
data/01_yolo_detector_sample/labels/val/M5_10mA_20C_0/frame_0026.txt,47,6c491916e6a563a526d8e34625e0078751f6dc1bd71621a0f6b3812dd17f0ce6
data/01_yolo_detector_sample/labels/val/M6_10mA_20C_0/frame_0098.txt,47,d7b4c7d566645bf69695eec84e80cc837b62a7c3e0205ab740ebf686b48ecb7a
data/01_yolo_detector_sample/microled.names,10,1f29a799a528a754d162c85c03cb2422e231b71444f9164077eeea572e6a4864
data/01_yolo_detector_sample/microled.yaml,74,8d34554de6ab1ac9d98cac4ddbec2a6f099fea5750317517667cc7a170e0740c
data/02_stn_pairs_M1_M6/alignment_pairs_M1_M6.csv,10766,aeed4dc7016688079ed8a636a7aa295cd9790e565527850ca47fa6ac8de4f0bd
data/02_stn_pairs_M1_M6/input/M1_10mA_20C_0/frame_0003.png,65178,954f52fbe7f5c79633fbfb3cd75c44a3c4533a19d4e55fae8875d53a754e67a0
data/02_stn_pairs_M1_M6/input/M1_10mA_20C_0/frame_0007.png,68588,736fb54736df92f5d385826bbe2c6d7ba5dddcb40c0be790ef73938c7b00d30d
data/02_stn_pairs_M1_M6/input/M1_10mA_30C_0/frame_0003.png,73392,b1876900dc6d79dd9e3ccee4a5d5d2affe85bd69822c63250f5ffd63821260ce
data/02_stn_pairs_M1_M6/input/M1_10mA_30C_0/frame_0010.png,76444,d0474798765e3f57cb105fb7cabfb6663c3f267d0a2e58e9f9583e35d252e47e
data/02_stn_pairs_M1_M6/input/M1_10mA_40C_0/frame_0005.png,67253,b4d38b70bd079191c0f5af4984287ae1cef63c87c4bf00f62b21cbbea42c3ca7
data/02_stn_pairs_M1_M6/input/M1_10mA_40C_0/frame_0007.png,78337,e083f8fa163ceb3154e8d5c97490308384eb2e730ffb6147f698d67d8d4ddc6a
data/02_stn_pairs_M1_M6/input/M1_20mA_20C_0/frame_0003.png,68462,f3ab5c647a282e5246f2292840630338787dfb3f5cd313f3b5b058c5086b6214
data/02_stn_pairs_M1_M6/input/M1_20mA_20C_0/frame_0011.png,51518,0aef4cb76050f8c22ae1e998aea3e419fff6c22bd5c81ed3cdff15f37ffc8ada
data/02_stn_pairs_M1_M6/input/M1_20mA_30C_0/frame_0005.png,70710,f829b56e85a7bc25653180d039a0726b2e97c579eed2e917a65e56cb98d701c4
data/02_stn_pairs_M1_M6/input/M1_20mA_30C_0/frame_0006.png,105248,1709f2e503c497fa74e7a66f06eafcafa0e0b8989831be992d521c88274276dd
data/02_stn_pairs_M1_M6/input/M1_20mA_40C_0/frame_0002.png,66889,14a429a092eb2247f98b63b73188f34c607d58ffb0308de36b0d6c439ffba2da
data/02_stn_pairs_M1_M6/input/M1_20mA_40C_0/frame_0003.png,85394,9c770a09f3287d637b6fe27056b30393dd3ace8b5cf9370aeef55cab8434ee93
data/02_stn_pairs_M1_M6/input/M1_30mA_20C_0/frame_0001.png,104142,c0a1ab4fd5318675441ecb3211f56148e9793c0a12973fb0531c3d9ea7753e94
data/02_stn_pairs_M1_M6/input/M1_30mA_20C_0/frame_0007.png,92389,53bec8631bca4e91fd7819c45901b4351eb18f9fd4fffb218b98e9e413c51712
data/02_stn_pairs_M1_M6/input/M1_30mA_30C_0/frame_0008.png,100262,c65dacca48cd9c3322137ed6e5822fe6058f239b0f552841fb767179dc32c4b2
data/02_stn_pairs_M1_M6/input/M1_30mA_30C_0/frame_0010.png,72851,3e476eb968c0acc0c9f7a8942e1b05434e1d6c5bc898c5c21039a6452b7fbde1
data/02_stn_pairs_M1_M6/input/M1_30mA_40C_0/frame_0015.png,69011,d659175b883ffe91963760e82bb25a5ca87bae064d5f4755c8f41c95f8c38a40
data/02_stn_pairs_M1_M6/input/M1_30mA_40C_0/frame_0022.png,63927,e14877e2c1ab4789bad781c3b1a00dacf7e97e518fa57fdec8a1166043b4fd03
data/02_stn_pairs_M1_M6/input/M2_10mA_20C_0/frame_0004.png,91738,6f30e99b8a748f02d71e3a6c34b95c34f951eb1eda61e6b2ca41d47d7c2ed839
data/02_stn_pairs_M1_M6/input/M2_10mA_20C_0/frame_0007.png,104663,1ab85afa6ac3d8a2bd48afed2332c61e395442dc1bb44276c99ca75afae4c863
data/02_stn_pairs_M1_M6/input/M2_10mA_30C_0/frame_0001.png,65517,cc5aabc410089f3be6920acb8cde44aa43250b7b5c3982d604ea5b7177f381f6
data/02_stn_pairs_M1_M6/input/M2_10mA_30C_0/frame_0002.png,94319,ff391a01fc48bf5ddc27eafc08eece672c0c091665cbc0b1ca33a4bda4d0d17d
data/02_stn_pairs_M1_M6/input/M2_10mA_40C_0/frame_0001.png,101745,8d544393dcfcb23fc7baad5fb109000d98472036c18fe9e2a56fb9c194c5c11d
data/02_stn_pairs_M1_M6/input/M2_10mA_40C_0/frame_0005.png,82581,cc593d50d4d39850f8788772d43292aac7b62251fa59494b72dfd9393ebde0ed
data/02_stn_pairs_M1_M6/input/M2_20mA_20C_0/frame_0013.png,91984,1e758e875c790e4c6399648523dd9f49b7a15b023f0ab8bb65bc1307d4f81040
data/02_stn_pairs_M1_M6/input/M2_20mA_20C_0/frame_0022.png,82057,f13f0b2681344dd3f13f8703407537e7f46dcfc1a37bed15d704796a08bd1454
data/02_stn_pairs_M1_M6/input/M2_20mA_30C_0/frame_0003.png,83079,4b3c2bee093fd4fe1ba1580e8c5cb807b7a15024ef8c24facfc63dbe7f8c591a
data/02_stn_pairs_M1_M6/input/M2_20mA_30C_0/frame_0005.png,111219,59379bac4f0943d2d22befa8e2b28c52d436ec90b208e8420e2d17083f31598f
data/02_stn_pairs_M1_M6/input/M2_20mA_40C_0/frame_0002.png,62460,771084802de6c4243e8387990b14304ce33570b302b43358ec6336aaa2a66af2
data/02_stn_pairs_M1_M6/input/M2_20mA_40C_0/frame_0003.png,83618,a7431c0538f3390b4e30fd507ee947167c86b793242fce79e664e6287b5cb3e0
data/02_stn_pairs_M1_M6/input/M2_30mA_20C_0/frame_0001.png,72296,b3d42ee184b5bd2f3846cf2fee2a9fbeaba6a9597dade6a868709be29e3f7c75
data/02_stn_pairs_M1_M6/input/M2_30mA_20C_0/frame_0005.png,66221,06baefd0740cfc65ad5f784fdfea1c928116ec15b2b56eae4232cff03bd47873
data/02_stn_pairs_M1_M6/input/M2_30mA_30C_0/frame_0001.png,74567,b56bceeccf90d4cac785d8271b9e4b2a1c667e641550d1560abbaf77dbeef7f8
data/02_stn_pairs_M1_M6/input/M2_30mA_30C_0/frame_0014.png,106277,5304fa747a439ac8d325cfe93ddfb2f2bda53955737498f3d25ab37b8064e926
data/02_stn_pairs_M1_M6/input/M2_30mA_40C_0/frame_0015.png,81721,fe5c19a53c66bc05cecd02b9ee475149f6ed477c29e9553b933157cd0800e178
data/02_stn_pairs_M1_M6/input/M2_30mA_40C_0/frame_0016.png,79115,0baabc194349b5b7c26d6d57b54798eac57d9d263f5f0da282af2caf26e8b353
data/02_stn_pairs_M1_M6/input/M3_10mA_20C_0/frame_0004.png,63089,bf6e9be8424fc71697d07301426432596fa1f91c01e7a4f201119db2fd66b7ca
data/02_stn_pairs_M1_M6/input/M3_10mA_20C_0/frame_0007.png,103210,fb3dfadce37545088cbe8b0bcd391b7881cf3b30b3a33a62e45d7a45e2ed7aa7
data/02_stn_pairs_M1_M6/input/M3_10mA_30C_0/frame_0007.png,96055,c8e835276654db308f36388110042cfd2735d7f6b5b65f41563763a72fd5253a
data/02_stn_pairs_M1_M6/input/M3_10mA_30C_0/frame_0008.png,91780,d318e7a28d3e445a7723357bd0dd6c2002ae8796877a813a57af27cdc1442f0c
data/02_stn_pairs_M1_M6/input/M3_10mA_40C_0/frame_0001.png,77282,176770e80f49c24147b6e62e5b681f179081a843133917d2c9c177bf07bda558
data/02_stn_pairs_M1_M6/input/M3_10mA_40C_0/frame_0005.png,76850,cd534d224851c4666594bd3a79699d377da6e06d0c314645fc5273c89f9390bf
data/02_stn_pairs_M1_M6/input/M3_20mA_20C_0/frame_0005.png,93352,390f913677aae3bf09bb5ae92d2f9f497c559848bb4196a9ae253012110b464d
data/02_stn_pairs_M1_M6/input/M3_20mA_20C_0/frame_0006.png,76682,b8cab990caa283cce6313dd0b60a2426172573423056bd62ad9327f6e445d460
data/02_stn_pairs_M1_M6/input/M3_20mA_30C_0/frame_0001.png,89568,629af372531e7f7b255cde2db8bb226a861d4e40479ed344332b5d6d05cf1eeb
data/02_stn_pairs_M1_M6/input/M3_20mA_30C_0/frame_0008.png,87943,aef64918cb2ef5b6b9966abab24e8cec26052238a84924bb9898a3a0c0ed58db
data/02_stn_pairs_M1_M6/input/M3_20mA_40C_0/frame_0001.png,75592,fec656f4f70de76fd08e9f0610e0fb81f46762e24e57aa46e8141e83ea307c0c
data/02_stn_pairs_M1_M6/input/M3_20mA_40C_0/frame_0005.png,95087,5f4960aed8d6d43e0ae0267c174b0430d1b6360e53dac2ff5917dd93a0baf132
data/02_stn_pairs_M1_M6/input/M3_30mA_20C_0/frame_0001.png,89841,fd608ae7c7b3379f6d2ad38a3dc824f58c46ccf5015b20186b8acf7a48d6e009
data/02_stn_pairs_M1_M6/input/M3_30mA_20C_0/frame_0007.png,94105,6237be3f976c2e5d607bd84cbfb54504953243fae569b5bd086a4130c8a15e46
data/02_stn_pairs_M1_M6/input/M3_30mA_30C_0/frame_0004.png,68451,f30e3cde4c025872eb67e628f9c20e59ede48df90581e3a26df65dc12a674866
data/02_stn_pairs_M1_M6/input/M3_30mA_30C_0/frame_0005.png,57552,a7438a845e8ee2b0366bfb234d1c23d1b9b266a1306833f16bce3846948e90da
data/02_stn_pairs_M1_M6/input/M3_30mA_40C_0/frame_0003.png,91267,703250589a869648a91b3997d669a2c9b9f7e3fb98909170c4788c338b3d8fa1
data/02_stn_pairs_M1_M6/input/M3_30mA_40C_0/frame_0004.png,66715,266367d358594d09ac4838b43bfd8d1bc9629808d06808a4b405887c0fdf397f
data/02_stn_pairs_M1_M6/input/M4_10mA_20C_0/frame_0001.png,74044,e238e2899a090dfdacb461872ef9a572f9311b0707e9eaa6157a7778e09801fb
data/02_stn_pairs_M1_M6/input/M4_10mA_20C_0/frame_0004.png,84726,542093a693ab588e88469fd04de0537fd753ab71b931ae950526da8823d75368
data/02_stn_pairs_M1_M6/input/M4_10mA_30C_0/frame_0001.png,56083,172e946d740bc40f941c32ca2df1d872efcc0723ed9a28f8792d4a3efa35b5d3
data/02_stn_pairs_M1_M6/input/M4_10mA_30C_0/frame_0002.png,84891,a37af6227ef9485d41fdead94a2cf8be5acedfdf6c3c2410c9dc424cea858975
data/02_stn_pairs_M1_M6/input/M4_10mA_40C_0/frame_0002.png,105401,0b4825b428eafaa4b78d25362efc10647e79b9839a966c7403b4bf522732d88f
data/02_stn_pairs_M1_M6/input/M4_10mA_40C_0/frame_0004.png,89862,3021e294304240862e055ec5171036ca85a62d48f2f71562e97e66e3cc582edd
data/02_stn_pairs_M1_M6/input/M4_20mA_20C_0/frame_0004.png,80192,6b628c76476d078e34c7deb5c4fa56a2ffbd0636310dc612404a442ca65d1e90
data/02_stn_pairs_M1_M6/input/M4_20mA_20C_0/frame_0006.png,98180,a283b1a35795374bfd9dd3ee43fd143fbe9384c102ae24106b848559a43bbec7
data/02_stn_pairs_M1_M6/input/M4_20mA_30C_0/frame_0003.png,68399,7893161aeb9fb344f1a0cf219d201e2aa710982ccaff62b44aed30541b8d0182
data/02_stn_pairs_M1_M6/input/M4_20mA_30C_0/frame_0004.png,85525,bddb8e3606b17fb428e3c974f3e778a9373f715f54cc6868524a5304403cd6fe
data/02_stn_pairs_M1_M6/input/M4_20mA_40C_0/frame_0006.png,77592,922463d131c7c98a94f2f9253e4ea2c3cb614a196b1a4d45db7c37300339f20d
data/02_stn_pairs_M1_M6/input/M4_20mA_40C_0/frame_0009.png,76661,f82b8926ae14f2db670e310ce98bf20040bb639d5c6bdc9a7fe1135ff3a675df
data/02_stn_pairs_M1_M6/input/M4_30mA_20C_0/frame_0003.png,105401,d344fa9aeacdfbb37a0c6ed9bc3477d2bb77b152906098450d1d9012c88c27bc
data/02_stn_pairs_M1_M6/input/M4_30mA_20C_0/frame_0004.png,78424,cdf5c87c29ee5ff607ae3baefd52b5aca67d212e7b2c2b8c10486bc2b4dc27a0
data/02_stn_pairs_M1_M6/input/M4_30mA_30C_0/frame_0005.png,78685,64dfd34911a002e9c7017d09bea395f08cc15efbe68f50ebdcb5e6ac3061ac00
data/02_stn_pairs_M1_M6/input/M4_30mA_30C_0/frame_0006.png,97290,c2e384b71024c831ffa1b35aa656621801540c97d5f73d5481e6a92178c1d57d
data/02_stn_pairs_M1_M6/input/M4_30mA_40C_0/frame_0008.png,56621,f6a52a5810fd70a1c5855a263670e8e829ab0adfc770654679af73c6deaab524
data/02_stn_pairs_M1_M6/input/M4_30mA_40C_0/frame_0017.png,65341,2bc927488442282ecb46edc471e50cf9618eb0cb809d664ecd972733f2bd17e2
data/02_stn_pairs_M1_M6/input/M5_10mA_20C_0/frame_0001.png,96999,2a71ad49738221e4c1124fef3f721961b21e9d83b722469c62edf6ac3f032a2c
data/02_stn_pairs_M1_M6/input/M5_10mA_20C_0/frame_0004.png,97698,ebf002b2b82e842205edea218afe38f84f3b94508b2c795507ec4de13271d7e9
data/02_stn_pairs_M1_M6/input/M5_10mA_30C_0/frame_0001.png,89342,f19a09c04cc69c41be708e651b16dd50ceb079c537f82512849139ec759ed0d1
data/02_stn_pairs_M1_M6/input/M5_10mA_30C_0/frame_0002.png,89852,029a019dc2483a6c6049112725279a68267d8f1a011389fb633902f1e5119b09
data/02_stn_pairs_M1_M6/input/M5_10mA_40C_0/frame_0002.png,95773,253a900ee2ebe5a352b48015433c20148c9745eaa936bcdb3bc4483b868d874e
data/02_stn_pairs_M1_M6/input/M5_10mA_40C_0/frame_0004.png,93838,d1fda5b4a8398e0f470367dafacc81f96266576289a17caae86edf469203dfde
data/02_stn_pairs_M1_M6/input/M5_20mA_20C_0/frame_0004.png,117182,eba1ef7ee998c04b59e036d5fb4de45c21b4726a0c0a275802dcb1672b48f4e0
data/02_stn_pairs_M1_M6/input/M5_20mA_20C_0/frame_0006.png,81064,988d90993237d8e8bd4571e7ca0ec559a2ff03a7eb1191ba4e38d740898cfd67
data/02_stn_pairs_M1_M6/input/M5_20mA_30C_0/frame_0003.png,110105,7e077a7eeb970c7f13e878b7c61f56a561b6f7a24b4bac204cbfaa8251748f5f
data/02_stn_pairs_M1_M6/input/M5_20mA_30C_0/frame_0004.png,86282,b7a9096dfc0cb9fc901c3ba376039d4614559ef88c1c791877968d7a4d182f26
data/02_stn_pairs_M1_M6/input/M5_20mA_40C_0/frame_0006.png,72141,1119e9e1d73c49c2d02eaeb71603f8e1751136118bb8a9d3c77fb5f7a1a436ef
data/02_stn_pairs_M1_M6/input/M5_20mA_40C_0/frame_0009.png,90993,29efd120577aadde66ffc6684900106794d2ffb78597623d686153ca3ae67b1a
data/02_stn_pairs_M1_M6/input/M5_30mA_20C_0/frame_0003.png,111543,0edde3a9d0738a89591681245e841ff072a299820fd1397b1a8b6a537acf70ec
data/02_stn_pairs_M1_M6/input/M5_30mA_20C_0/frame_0004.png,85154,ba6c5a05eb8d5771f807191706cf0f503db11a8606086ee4b2f1a9934cfbb9c9
data/02_stn_pairs_M1_M6/input/M5_30mA_30C_0/frame_0005.png,93760,4da7a8449ee839ff9dea9df2a149b9f10cfd82c9d699273255b3c95460459e5d
data/02_stn_pairs_M1_M6/input/M5_30mA_30C_0/frame_0006.png,103410,8b9918ca6fb14020b8677efc4381b4556b3e66ee20f3eb6981cb450652666b5b
data/02_stn_pairs_M1_M6/input/M5_30mA_40C_0/frame_0008.png,94081,a4c3e81ae661c9becb7a2819bb85f0c08ee0ece5482145d1f1ef9991aebd3216
data/02_stn_pairs_M1_M6/input/M5_30mA_40C_0/frame_0017.png,109027,d65ac432aeabee34b20348b4f77077e11275911f416f5f4f28bec5c2d6090305
data/02_stn_pairs_M1_M6/input/M6_10mA_20C_0/frame_0001.png,77453,4dbe3dd1147104ed5c780f826a072c38fe70ddfe8e462aa187c56edc2ea09dae
data/02_stn_pairs_M1_M6/input/M6_10mA_20C_0/frame_0003.png,103276,791a46eb4ed08f00d43da0546583ffa5a65a95e868ee05dba7cf5d1942500abf
data/02_stn_pairs_M1_M6/input/M6_10mA_30C_0/frame_0004.png,86571,467b5d68303be3669a8b7010be907e62559aa39f1d776dfbfa203b0a865047ec
data/02_stn_pairs_M1_M6/input/M6_10mA_30C_0/frame_0011.png,99623,3de59265c15afd019e40a96ed11c6ffd985ac0a020de91a0b35a71183a169793
data/02_stn_pairs_M1_M6/input/M6_10mA_40C_0/frame_0004.png,79489,bde74f34dd63ed2b41926a91f2a5e4777122bedc84b24bf2cc8a5503a7819ffc
data/02_stn_pairs_M1_M6/input/M6_10mA_40C_0/frame_0021.png,56166,f1a8e0549c02b5a3a970e23b7572b84c83f98ef9ebc0285c564c8fab29b166a7
data/02_stn_pairs_M1_M6/input/M6_20mA_20C_0/frame_0005.png,100316,f5a99254e3ba8d18bcce9f5eae3a5f8eeb5aa606441de734c77dd05092d08682
data/02_stn_pairs_M1_M6/input/M6_20mA_20C_0/frame_0009.png,113240,9b5a21cd09d557a582ce646a4c7808347cde84909105c81c3af970b13592a874
data/02_stn_pairs_M1_M6/input/M6_20mA_30C_0/frame_0001.png,85739,7f29f28fb3d1bd4e8014cc13365292df3fa34dbe18ff43608ec4709cc20e79fa
data/02_stn_pairs_M1_M6/input/M6_20mA_30C_0/frame_0007.png,80669,36c43bff0bab8e2ce974ca90dcdfab7a314a932dfc56e07bcc97f063d7a579a6
data/02_stn_pairs_M1_M6/input/M6_20mA_40C_0/frame_0001.png,68572,dc7c9f6974c833aaaaf1a798d0992f3ada22c6628e691811656110dd8fb55a0b
data/02_stn_pairs_M1_M6/input/M6_20mA_40C_0/frame_0002.png,81832,1218d8c0ffb0975267bcb70803b075cf7f70b6f02d5c53f051f2f616aa761db2
data/02_stn_pairs_M1_M6/input/M6_30mA_20C_0/frame_0006.png,73705,e392f33511dcc9a8d8d9bd79e031ace34bfebd634c9b570dabb19f731a5281f4
data/02_stn_pairs_M1_M6/input/M6_30mA_20C_0/frame_0010.png,80133,3e471b86e40c0ab80bf903f18d8a243b69dd7ba0bb21dc65102041afbd15c298
data/02_stn_pairs_M1_M6/input/M6_30mA_30C_0/frame_0007.png,82283,6b23a7877b805d57ab1e761d598e6ba066970e10125427b309b812c1d331b4ef
data/02_stn_pairs_M1_M6/input/M6_30mA_30C_0/frame_0008.png,75418,5168a01ef2a5e9cb1d4f396660a9d9ac8f2ca4224d190d958b2138e3093aff7f
data/02_stn_pairs_M1_M6/input/M6_30mA_40C_0/frame_0013.png,78480,6f4d2911d513c44f5b69e26d6433bbb272b39220a9d7806d1782d5b2ac4252f3
data/02_stn_pairs_M1_M6/input/M6_30mA_40C_0/frame_0014.png,101736,69372f8ec4fe33a7cc454a38b841ab33aabed217181797af70a90fae12ae0700
data/02_stn_pairs_M1_M6/target/M1_10mA_20C_0/frame_0003.png,73466,289adbf9cc5228ec8a650610535505bb580b68a469f4839ed7ed68fdfeb98b73
data/02_stn_pairs_M1_M6/target/M1_10mA_20C_0/frame_0007.png,72767,2543cc1dcbd4e2c3dbc376d14644bf5136e9079d0d191a5d1c8d180fa65c8244
data/02_stn_pairs_M1_M6/target/M1_10mA_30C_0/frame_0003.png,74013,cebbde71a7288449a28c80b2af5f0f8b10204637b480cb8c41a5f081f87e8238
data/02_stn_pairs_M1_M6/target/M1_10mA_30C_0/frame_0010.png,73250,4d6c6f95f025e4198282d30536c3bcf05386dd253b108d0b83437e1acd056aa0
data/02_stn_pairs_M1_M6/target/M1_10mA_40C_0/frame_0005.png,74188,7405bf603169722d8c63dd62e4a4ef1ddc973377e97c3a3c9a87e36c7c52076c
data/02_stn_pairs_M1_M6/target/M1_10mA_40C_0/frame_0007.png,74660,34f762a15c6c85eaa039ba9206d82a2100d0d7d25b06cc6ef176401c2af5c89e
data/02_stn_pairs_M1_M6/target/M1_20mA_20C_0/frame_0003.png,67728,8f90e598507b97c67ff3c3b2b485fa037881e135cf90baa913615265e0bec90a
data/02_stn_pairs_M1_M6/target/M1_20mA_20C_0/frame_0011.png,67559,d53f1d8897005f99138c4183df177c92d16c6654ca4ba5c5b5cc0524d6240a45
data/02_stn_pairs_M1_M6/target/M1_20mA_30C_0/frame_0005.png,71648,7534000a94de57ecea66c2b02e180306afbc0e3d3cf8dc966834b1a6bf852f23
data/02_stn_pairs_M1_M6/target/M1_20mA_30C_0/frame_0006.png,71736,5ce2029150fa815abf98e762f664bb4c58e090c9cc140ac8a1892a2e0f8d30ff
data/02_stn_pairs_M1_M6/target/M1_20mA_40C_0/frame_0002.png,72022,3ed60e5d88fe241696ef04c1b9b26b61db90351f6dc39b2cf4710dd7ca6f9db4
data/02_stn_pairs_M1_M6/target/M1_20mA_40C_0/frame_0003.png,72345,a38feae91ddde321762e24dc39f84b3e43a21ea967acda1df459720d56adfb1b
data/02_stn_pairs_M1_M6/target/M1_30mA_20C_0/frame_0001.png,67335,3659a0e94a10d41e063a7d825157ec361f7ad3513585162fe0e7e5957bb71f1d
data/02_stn_pairs_M1_M6/target/M1_30mA_20C_0/frame_0007.png,67630,a91cd3f839220b816a1ae9124c582ae05b8e732d1e42f42e6634f90443480fa2
data/02_stn_pairs_M1_M6/target/M1_30mA_30C_0/frame_0008.png,70621,a9a1b7ace732a5f8c30c767664d6b516d85d774a170fdcbc187fcd1c29da8153
data/02_stn_pairs_M1_M6/target/M1_30mA_30C_0/frame_0010.png,71047,365cee0028f68510c20c62cf206f774489605b0ef09e128940955b3c399471ee
data/02_stn_pairs_M1_M6/target/M1_30mA_40C_0/frame_0015.png,70478,3314e3223ddb9cb6e3c8bae587ca01f2ead8bcbdda77106283a02054dff9291a
data/02_stn_pairs_M1_M6/target/M1_30mA_40C_0/frame_0022.png,69651,697aa7dda8c80680162d245a3adec139f9cede5601efc499d3a3bff4e842b558
data/02_stn_pairs_M1_M6/target/M2_10mA_20C_0/frame_0004.png,84488,439e424be2c1cdc1a9752957f014b1300e1742a9805ef64c6b73f9b52d584c49
data/02_stn_pairs_M1_M6/target/M2_10mA_20C_0/frame_0007.png,83171,3ec7c68c614f55b1d7bc2c7bac7bc784c0dbb8a917ed4f506b313829b6b7dbe2
data/02_stn_pairs_M1_M6/target/M2_10mA_30C_0/frame_0001.png,83033,595eb27140d004bd2e2935ba5680a732493f1608cd254e02cee3294315184b72
data/02_stn_pairs_M1_M6/target/M2_10mA_30C_0/frame_0002.png,82973,e95bd8ecf8431dfa92621ff768b8724c5d133092ec4b7fee4905b57a72d07e60
data/02_stn_pairs_M1_M6/target/M2_10mA_40C_0/frame_0001.png,80558,b5a9c394c369848109b23900db67aa5c20f9d9b733a57d8a4b1d6f1e3143d8e1
data/02_stn_pairs_M1_M6/target/M2_10mA_40C_0/frame_0005.png,80179,6521c6ac1f77a344ea1b7b9a39160c7a0764916368e391f7dafe215a3e6211c2
data/02_stn_pairs_M1_M6/target/M2_20mA_20C_0/frame_0013.png,79159,440333857d0f2e01213be3ad9e3e8fbdbd00393b09d9ea7c548482acbacf8652
data/02_stn_pairs_M1_M6/target/M2_20mA_20C_0/frame_0022.png,80165,f38012545daec6ac1cdd05858c034f8fbd62885af34c9deea7847c4be4043272
data/02_stn_pairs_M1_M6/target/M2_20mA_30C_0/frame_0003.png,78660,c7b94e1c67c7a6f0bb6ce77cdd8c658268497710a714c361eec79a570c91b1bf
data/02_stn_pairs_M1_M6/target/M2_20mA_30C_0/frame_0005.png,78724,2f0c27116d6123ed53839cd5c26bb89bae50773c4bb57b2006bf5b1a2aa5ff60
data/02_stn_pairs_M1_M6/target/M2_20mA_40C_0/frame_0002.png,74531,f66fbd64b0092e0e5042e98e9525903316c97be02d43703eac5b80b61dcc3376
data/02_stn_pairs_M1_M6/target/M2_20mA_40C_0/frame_0003.png,73750,bdacb5d85373c9419376d07ed9ae61a8ef135f630664a2f35d6178156e209f14
data/02_stn_pairs_M1_M6/target/M2_30mA_20C_0/frame_0001.png,78078,7dfa9327f5a726eaf2ab1af22e6baa17b9f9be8566f32437e61cce8bdc2c80db
data/02_stn_pairs_M1_M6/target/M2_30mA_20C_0/frame_0005.png,77291,282567bfb62f1db2f0e72fad23e40ee80486f3c7c880b719de96dc6f4c2f8847
data/02_stn_pairs_M1_M6/target/M2_30mA_30C_0/frame_0001.png,79200,c2c3be9a5a0266f9ae53a9bb3861180ba38b398a2df6df7da2db53a6f9a9c7df
data/02_stn_pairs_M1_M6/target/M2_30mA_30C_0/frame_0014.png,78213,fabfdc29e5a2cda4616930dbd1e551f89009a0029d9c9ef50b3bad6118c5929c
data/02_stn_pairs_M1_M6/target/M2_30mA_40C_0/frame_0015.png,76217,889ea952077f6de1fbf969249565bca45ab8ff3b8ead4dd17fa7868d3a0a44b0
data/02_stn_pairs_M1_M6/target/M2_30mA_40C_0/frame_0016.png,77314,2d84b13d2da2b2f4437c9acffb5462f0e0cd5e8814c3c42a1f70892ac5988ef8
data/02_stn_pairs_M1_M6/target/M3_10mA_20C_0/frame_0004.png,75394,477632a88f8e7dcefa401f392d9c925a4f51a9aaf02596b4ee51946683e6b864
data/02_stn_pairs_M1_M6/target/M3_10mA_20C_0/frame_0007.png,75716,62c0c07f78d1a4d6cda250a4fe2c06086b087f0bee537947047ceebbf9217355
data/02_stn_pairs_M1_M6/target/M3_10mA_30C_0/frame_0007.png,75420,0914568757ab7c31a038f66e0633fd8a2230b0ded6daa79da9ad733c1370154d
data/02_stn_pairs_M1_M6/target/M3_10mA_30C_0/frame_0008.png,76071,6dc17df50f751a42dc9139a7d7a95e5afd5d785ac241827b7288c533143f03d0
data/02_stn_pairs_M1_M6/target/M3_10mA_40C_0/frame_0001.png,76431,d7006886728ccbeb010c4db916e556761b25d24971db345cafb19d63b4b7e783
data/02_stn_pairs_M1_M6/target/M3_10mA_40C_0/frame_0005.png,76544,cda0b815802228da964fa7b943fc840d489f15c8675acb02dc258518eee54573
data/02_stn_pairs_M1_M6/target/M3_20mA_20C_0/frame_0005.png,73611,08c2cf2939f2981355257a35d22a7e4a3ab6a09f277654adba857adbd83bc6e4
data/02_stn_pairs_M1_M6/target/M3_20mA_20C_0/frame_0006.png,73837,048092f8d1946be5ff3cd3a24c9b407af5b5c2b64421fddc7b853bc44285aafc
data/02_stn_pairs_M1_M6/target/M3_20mA_30C_0/frame_0001.png,70363,70ea743cb9ec8d49be7a3a1da898901b1dc618118892087aff8fb8affe382ed7
data/02_stn_pairs_M1_M6/target/M3_20mA_30C_0/frame_0008.png,70225,0b80c49477284ae1ca8ac0258207f0cfc96acc5e1fbb4ebb048af5804e2f2a25
data/02_stn_pairs_M1_M6/target/M3_20mA_40C_0/frame_0001.png,73209,4d712bb0953c806d1d3e2115bb66cf35a688f261b343153f8154af46f8ff6d45
data/02_stn_pairs_M1_M6/target/M3_20mA_40C_0/frame_0005.png,73453,c98348944408ea156ae15fcc525376ad45ca8b835bf658cb74c4b4572b98ec41
data/02_stn_pairs_M1_M6/target/M3_30mA_20C_0/frame_0001.png,73231,836501103509fcbd76b05f897fbc07d2cba5b45bf33791f300613c1955e222e5
data/02_stn_pairs_M1_M6/target/M3_30mA_20C_0/frame_0007.png,74101,3ec3f4a842229a353009d0f8978150f39d59d1c7162fabff95b57bd9069d56d4
data/02_stn_pairs_M1_M6/target/M3_30mA_30C_0/frame_0004.png,73116,5f9e32687da4fd122c73ec6230752e3f2e595a66315a51d15933b6879a717146
data/02_stn_pairs_M1_M6/target/M3_30mA_30C_0/frame_0005.png,73398,fa9fffa4dadeefc7b6331409631d9a8c08ba41652a24792d1f63057c20fe9a8c
data/02_stn_pairs_M1_M6/target/M3_30mA_40C_0/frame_0003.png,71402,d3d3f67182bb119776014289cd8863fd708583feb5837bc247d5445a42e6b2a2
data/02_stn_pairs_M1_M6/target/M3_30mA_40C_0/frame_0004.png,72063,a97105670f75e787ca6cedf7a7eff6b89b9a77102187fe0bc570dd768ead7c50
data/02_stn_pairs_M1_M6/target/M4_10mA_20C_0/frame_0001.png,77877,11a3e7d0954095417336c714a4286edafff8ef39db9da71144975d41df285140
data/02_stn_pairs_M1_M6/target/M4_10mA_20C_0/frame_0004.png,77991,b7dacb3b3add1b1fa218cd797aedc1aecf1e585ee2797c9700b236b896d42ac0
data/02_stn_pairs_M1_M6/target/M4_10mA_30C_0/frame_0001.png,78882,7cefee6de44bccb50bfd86d6049c68ed3e98b72831921a31bc202d45fafb1c88
data/02_stn_pairs_M1_M6/target/M4_10mA_30C_0/frame_0002.png,78224,8fe4f3d6acc04f4bb11acf1e1926d4dc9b46cd45b6be16ae1f48efbab744c796
data/02_stn_pairs_M1_M6/target/M4_10mA_40C_0/frame_0002.png,78960,9d34780f18928dbc27762888325fd5569b569b6cdb64ee8e3cf100206b767be1
data/02_stn_pairs_M1_M6/target/M4_10mA_40C_0/frame_0004.png,79133,e3bb17a708ba2df8b7bd9a48629f7ba102d68d2c45e318e6d080aa8a6ca6a1c4
data/02_stn_pairs_M1_M6/target/M4_20mA_20C_0/frame_0004.png,79339,72df7649c7f3369f4923ffbf1cf45998384afbf74dc1f93307678da5dc899e51
data/02_stn_pairs_M1_M6/target/M4_20mA_20C_0/frame_0006.png,79207,e1809985b30f568845324635f855a1e87c9b2a530a13fcc82f8dc2b6c46d8a45
data/02_stn_pairs_M1_M6/target/M4_20mA_30C_0/frame_0003.png,72564,1fcfbc136f9b26d73f5cf1479f967dc05fb1294eeab7fd570fab32d1e565ba47
data/02_stn_pairs_M1_M6/target/M4_20mA_30C_0/frame_0004.png,72329,c98cf7dbd2c7457e429af08e5acacb96b0f2b47bc625a4e471605cad3551ad67
data/02_stn_pairs_M1_M6/target/M4_20mA_40C_0/frame_0006.png,74506,0c7f7e26ec7b69bc3bdb7232b857bb5116ae6a97683338dea75550ef7dd7177c
data/02_stn_pairs_M1_M6/target/M4_20mA_40C_0/frame_0009.png,74793,f92992eff531b7bbe6039e278b255a3617678322fa4ab05b3dddefb339b5b298
data/02_stn_pairs_M1_M6/target/M4_30mA_20C_0/frame_0003.png,76929,27aecf0c972bff723ed523437ceaacbd029a6684052e07a7e9c9392824919f09
data/02_stn_pairs_M1_M6/target/M4_30mA_20C_0/frame_0004.png,76672,2ce9586d2bb9246021fd5d21661f29ce10238f4249939aa7d83bcb7abe4bbcb3
data/02_stn_pairs_M1_M6/target/M4_30mA_30C_0/frame_0005.png,74835,55089f4f04f60430bee2eae76a5aed8b925901dfd6af8d85093d5c09adaee474
data/02_stn_pairs_M1_M6/target/M4_30mA_30C_0/frame_0006.png,74668,c5f496f9388262e2e5b0e35c9fff3ad4877a2b26245caa6d3addd8d518d6527f
data/02_stn_pairs_M1_M6/target/M4_30mA_40C_0/frame_0008.png,66872,8187ca8a4e1f5e1715c84f43aa980d6e70a7e86a4b145b17083508bde1aadf40
data/02_stn_pairs_M1_M6/target/M4_30mA_40C_0/frame_0017.png,65483,1b097910a9f65e3bd20bf0c61b7e66e2b828d195f9300f33147e73d54af132e2
data/02_stn_pairs_M1_M6/target/M5_10mA_20C_0/frame_0001.png,94781,4d39e0e37b90321af82658a28765f6b1037fa18f2bd6e4114e7d06fe03c64142
data/02_stn_pairs_M1_M6/target/M5_10mA_20C_0/frame_0004.png,94084,8f35ae7ec27c5c9fa170ea63cd55be655cd2dd3d25ea62c4c10301fd3a7527e9
data/02_stn_pairs_M1_M6/target/M5_10mA_30C_0/frame_0001.png,86047,e7e3704839199cdccb3061497af34b619b729c946364a3e53cb73dc51da43610
data/02_stn_pairs_M1_M6/target/M5_10mA_30C_0/frame_0002.png,84898,4aa7bcfda04f3bc196bd1e8cae8148076934e19b201b05582b55f1acdb78e05f
data/02_stn_pairs_M1_M6/target/M5_10mA_40C_0/frame_0002.png,85985,5eee64318bb7a3db4677e0b5d6c1404a383012c77bc62762bee7e9fb8c204464
data/02_stn_pairs_M1_M6/target/M5_10mA_40C_0/frame_0004.png,86250,80094bb0a9c996d959765f73e9a56aea878580b5570b011143d670b2439bf657
data/02_stn_pairs_M1_M6/target/M5_20mA_20C_0/frame_0004.png,87582,b5aff16e82455ecede08cbb1f6ec570174effed8ee4a132e712c98172a1e1931
data/02_stn_pairs_M1_M6/target/M5_20mA_20C_0/frame_0006.png,87953,3540363edaf4ee6b0b766a954418c4c3d5e76f98851ce783250cc9d3bd107639
data/02_stn_pairs_M1_M6/target/M5_20mA_30C_0/frame_0003.png,81323,94301a8cd04cd75ec4def63d8aae8197b3e5b114145524761dae44e8c730b1b2
data/02_stn_pairs_M1_M6/target/M5_20mA_30C_0/frame_0004.png,81844,2ead4d74b0f8c00ed1c345a2cb1bfdc5803c54b5f155a0a1242046b3a4b147dc
data/02_stn_pairs_M1_M6/target/M5_20mA_40C_0/frame_0006.png,85100,5b4b0d042736760685ee67fa9928a7c99943d13b6682f23fcce2f1a64afe0516
data/02_stn_pairs_M1_M6/target/M5_20mA_40C_0/frame_0009.png,84894,0f3a835e0d45bd01a40a0c7ad0d6f0b617cafc30396812c5ca7e2c134e071e63
data/02_stn_pairs_M1_M6/target/M5_30mA_20C_0/frame_0003.png,86930,da3e42d5324a0a4621c601c1d25af3eb3fc04b096c613aa525b952bf33583b4d
data/02_stn_pairs_M1_M6/target/M5_30mA_20C_0/frame_0004.png,85885,61fe89d23284b91ff828c127957e9cea38878d1a9ebd1a3c226c986b04d29f71
data/02_stn_pairs_M1_M6/target/M5_30mA_30C_0/frame_0005.png,86912,19ca36f9519075b7cf08d141d021a7153b5f55bea9d80a899463ac8bfec33f51
data/02_stn_pairs_M1_M6/target/M5_30mA_30C_0/frame_0006.png,87035,e90282d2ad28b6daa8984ad0b44437dd742f2fde86e556a2ffa553f1cd16e72f
data/02_stn_pairs_M1_M6/target/M5_30mA_40C_0/frame_0008.png,78484,592bbda24213bc583696eab24f197bde32852f4c75fe8d4a8d7df6a0144009c7
data/02_stn_pairs_M1_M6/target/M5_30mA_40C_0/frame_0017.png,77994,08d6a6ce7e812ccbc9c535b7b281513fe3b585add48e7c4fba57b42d3436c4cf
data/02_stn_pairs_M1_M6/target/M6_10mA_20C_0/frame_0001.png,79296,cbee703552179d1c89512b5483c7a536503fa6013e962ca5ca682ec0325e454a
data/02_stn_pairs_M1_M6/target/M6_10mA_20C_0/frame_0003.png,79889,4c0a6b5ea3477354050cd5e73b2067a1161c8d4905476377213c30ecec7df71e
data/02_stn_pairs_M1_M6/target/M6_10mA_30C_0/frame_0004.png,80484,e179ab6d24f227985cdd993c3dd97c0fa9ddc337be0cbf350470925decf9934e
data/02_stn_pairs_M1_M6/target/M6_10mA_30C_0/frame_0011.png,79458,0a60a3d09a87f19b2cd15c3658f4c174cb0c2a7ba49ac3d41f29a8d73d2c2b22
data/02_stn_pairs_M1_M6/target/M6_10mA_40C_0/frame_0004.png,73043,e51569a2804eaa879eadb5635e138b097a269d3eb2482cd290c858251190fa63
data/02_stn_pairs_M1_M6/target/M6_10mA_40C_0/frame_0021.png,73558,a27cd31014e8dca1c913512f7fe8aaea5fde9c11b305c6f3ee1a7ea9a4644998
data/02_stn_pairs_M1_M6/target/M6_20mA_20C_0/frame_0005.png,79861,5a4364234d9bc69f12400898b01114a47cbce87d59feeb679a01e5841d16e91b
data/02_stn_pairs_M1_M6/target/M6_20mA_20C_0/frame_0009.png,81911,8851201e574036845ca23f2263ec7ca65fa75dd7823b7ba3f3ac1535952e783b
data/02_stn_pairs_M1_M6/target/M6_20mA_30C_0/frame_0001.png,76451,b90fb6e67964c405e9248c0c562821366515dbe837401cd4ee90bad81cbd83df
data/02_stn_pairs_M1_M6/target/M6_20mA_30C_0/frame_0007.png,76640,2228a22e16e6dbaa4137fba7fc67fef9e413b7bb81729bce36fc5629756b2fe3
data/02_stn_pairs_M1_M6/target/M6_20mA_40C_0/frame_0001.png,77835,197e161ac8fe2ea044ea0f263686b318e648b1bc8806148abf7fc912ddb6b1c3
data/02_stn_pairs_M1_M6/target/M6_20mA_40C_0/frame_0002.png,76976,65b5da3e085d2d83d0379a070ea7b650dca85801376d854fdd186075c7a3cc8c
data/02_stn_pairs_M1_M6/target/M6_30mA_20C_0/frame_0006.png,76570,f4f0e828a34ed7ea4294cd05a13e08403ee044f9c83839c737111d103d29d6ce
data/02_stn_pairs_M1_M6/target/M6_30mA_20C_0/frame_0010.png,77531,2a04b43183c5023fcacedc724ac4a88635b5e502820e24083f27e3eb9b77ddbf
data/02_stn_pairs_M1_M6/target/M6_30mA_30C_0/frame_0007.png,75832,0d6c48f4ac6d6cdb56ccd1ca9c2d568ad2d43588621b8f01d3e9c196f712d040
data/02_stn_pairs_M1_M6/target/M6_30mA_30C_0/frame_0008.png,77086,c5f9096ce32339194d59b82d087efe466bda528a036570a3e46925100bf97b6f
data/02_stn_pairs_M1_M6/target/M6_30mA_40C_0/frame_0013.png,76600,38756a4f2722f6805188601792504184faf5fcae0cdfddef24023a03e7908c1f
data/02_stn_pairs_M1_M6/target/M6_30mA_40C_0/frame_0014.png,77314,ee145baf19f0266777b5148edac721872648df299d0102e5c1f30d911e761d04
data/03_aligned_puf_M1_M6/M1_10mA_20C_0/frame_0003.png,62179,fa62562c56d1badd4bf19bb8b2cad691661ac4bbc9fc8042daeddca58a3ee5f1
data/03_aligned_puf_M1_M6/M1_10mA_20C_0/frame_0007.png,65986,4f30e7dae97ed345fffddf9756989fddb32d6ac9d149ddeb8d89bad0621a05d3
data/03_aligned_puf_M1_M6/M1_10mA_30C_0/frame_0003.png,65774,4a771a2b2bfe66bf2bbf7af6b6dcdd66f28c021ee26f51a62a917dfe8b8c2eae
data/03_aligned_puf_M1_M6/M1_10mA_30C_0/frame_0010.png,70631,db0ea70e1bc366cda88ef14a32e4a8d75a27f1452eb138568f08d1de037bdf88
data/03_aligned_puf_M1_M6/M1_10mA_40C_0/frame_0005.png,61565,fc8fef273ae4fc30e2df6f671d9c1f341b76cadd9464dc6f475bbcd6b1f8dad2
data/03_aligned_puf_M1_M6/M1_10mA_40C_0/frame_0007.png,68862,2b4e68ab8d39cbac90024efe72f0d3b02671698e1dbcd25c21bb9ff7c48354f7
data/03_aligned_puf_M1_M6/M1_20mA_20C_0/frame_0003.png,65896,ea33da52844fa507d6fcb53fe159c8218e30c5a5a34af86892b4081364deb81e
data/03_aligned_puf_M1_M6/M1_20mA_20C_0/frame_0011.png,45971,e52cbe9a551c2f7c70e2858d48eb7320d6fafcf3ceb7ab1f8e4b070de8c2d899
data/03_aligned_puf_M1_M6/M1_20mA_30C_0/frame_0005.png,63600,7f821fa2e9b67764e31c65a754f795dadc0786bbdb323b98cfd849c5a74e4521
data/03_aligned_puf_M1_M6/M1_20mA_30C_0/frame_0006.png,93948,efadfa11009b89b4709fb6623c0917eb2f67ac702c23e3ac5abb0c4e85089343
data/03_aligned_puf_M1_M6/M1_20mA_40C_0/frame_0002.png,66221,6daa92fc6c122392f6775c937c65ff01021a574b97beab8de5051263e2a81f5c
data/03_aligned_puf_M1_M6/M1_20mA_40C_0/frame_0003.png,77502,19fb3ddace902e949c47e1b0bdf502cc196a081ef99a2e305b73112c78a8dd83
data/03_aligned_puf_M1_M6/M1_30mA_20C_0/frame_0001.png,90344,75793d8186f4883a59461f2240cec1244dc09935cb007054086c7c53abdfc24d
data/03_aligned_puf_M1_M6/M1_30mA_20C_0/frame_0007.png,80280,a610f75896e805690996abdaf0381308a04580ff5a7e3377b5c1cc9714ee6565
data/03_aligned_puf_M1_M6/M1_30mA_30C_0/frame_0008.png,85307,77f5a352f6a285ae768e42e4945243265a34f7bd1111d774af32b592b897ec84
data/03_aligned_puf_M1_M6/M1_30mA_30C_0/frame_0010.png,71299,202e3d4105a9cd58e67f79f61216f6ffb4bebc3a55b3c0aa4bb467fdbe3dbc1d
data/03_aligned_puf_M1_M6/M1_30mA_40C_0/frame_0015.png,66667,59675b66dcef51cdc40cb38dfd26770aef5a9409a9494fedb5d3a886a88c9fce
data/03_aligned_puf_M1_M6/M1_30mA_40C_0/frame_0022.png,62035,b33ad06495d9f31c6b761a5b6b6f709896ae02ffbae397f315a880b47c5ec89f
data/03_aligned_puf_M1_M6/M2_10mA_20C_0/frame_0004.png,84736,519a756a7cb8689bf609abdfbc67889e58828e074b2e4495dd480fbf6e2f34f4
data/03_aligned_puf_M1_M6/M2_10mA_20C_0/frame_0007.png,94932,48a8191194573d0b4fad73ed30c14877edd28573a20fc17e0e8612cc11cf92a3
data/03_aligned_puf_M1_M6/M2_10mA_30C_0/frame_0001.png,59389,55b6e7e4710296d669de6dc08197f76c86afe3e466ab017154cc7ca0caf9cc67
data/03_aligned_puf_M1_M6/M2_10mA_30C_0/frame_0002.png,83863,528a0f4c13adaa1fe670d5f0a9d7d76506b16f1fca3a59aed346d72c1092a2d8
data/03_aligned_puf_M1_M6/M2_10mA_40C_0/frame_0001.png,92606,95d1f69af307d6ffed02a633f5e1e38be2523f86433e713707b58d5be154824d
data/03_aligned_puf_M1_M6/M2_10mA_40C_0/frame_0005.png,73943,7adcba59eeee5aee7af4fb299227be13b87704efe40cc301484d4c4aff95d6f9
data/03_aligned_puf_M1_M6/M2_20mA_20C_0/frame_0013.png,82796,47f072d5314bf7e686650f0dcc8578c58e704a5f70e2cbb2f83cd0f5ad2ec0dc
data/03_aligned_puf_M1_M6/M2_20mA_20C_0/frame_0022.png,77142,c22d5dd8e261137821dca7b357220e15b0a07230564c9d145b8e0fda8f2f1d52
data/03_aligned_puf_M1_M6/M2_20mA_30C_0/frame_0003.png,76823,727eb87906f0b6574fcb0ab3220e74e72eeef408ee88caa56b9ef33fb4914656
data/03_aligned_puf_M1_M6/M2_20mA_30C_0/frame_0005.png,99069,afcf31de052ff34934d66d9fa13d4ea26dc19bfe6da75fe63409459023c5ef8c
data/03_aligned_puf_M1_M6/M2_20mA_40C_0/frame_0002.png,58345,2b7d7dfd044470ba23ff125ef4dd04376045f66daa721e27626551dd5adb9d96
data/03_aligned_puf_M1_M6/M2_20mA_40C_0/frame_0003.png,74784,fbeabef4f274bf5efc26074a0147b5a15ccf2dffeba9a984361847c98ad90332
data/03_aligned_puf_M1_M6/M2_30mA_20C_0/frame_0001.png,68503,50bb2a5941eaede5b77f6d7261f5022c8f7d88e0769e5fcac48f417e202a1e96
data/03_aligned_puf_M1_M6/M2_30mA_20C_0/frame_0005.png,59550,ca986c6341daf0b09b759d398e56397ffa3ed695c82d11331c17891422d11920
data/03_aligned_puf_M1_M6/M2_30mA_30C_0/frame_0001.png,67173,412b6d05862e1a43f595da1decbc2e973169c3eb42fb8e290961acc48c69598e
data/03_aligned_puf_M1_M6/M2_30mA_30C_0/frame_0014.png,93040,465241019221fd0247b383f7049a0ac917487fb9c6445c9d0c51cf292cbbdb00
data/03_aligned_puf_M1_M6/M2_30mA_40C_0/frame_0015.png,71170,6e87e233f3ef1a93e232fc5951e4ca444bb53e4a53354c52544500f6a37f25d7
data/03_aligned_puf_M1_M6/M2_30mA_40C_0/frame_0016.png,74192,07a4bac1e3e190890a0612885ed692f424ed9f8621c51c3eac6f4bf1014eb849
data/03_aligned_puf_M1_M6/M3_10mA_20C_0/frame_0004.png,60026,5adb695d3a1e989472fa505da4f11f631d98fb5e4103f6c1f0fd2d4c395088ce
data/03_aligned_puf_M1_M6/M3_10mA_20C_0/frame_0007.png,90545,953abfaee1f45db174c1b32207556e131d7c99bf8d00970dcd887adff7781888
data/03_aligned_puf_M1_M6/M3_10mA_30C_0/frame_0007.png,86205,9df2c49dd437839055517e90421a1107791811f0835e7641c39f2690fa9eb5e9
data/03_aligned_puf_M1_M6/M3_10mA_30C_0/frame_0008.png,83590,8cd9ed487bbede3c9bcb61c55d5e21dfcf119a04699cd94907f9a9693e8fdea1
data/03_aligned_puf_M1_M6/M3_10mA_40C_0/frame_0001.png,73092,ecd5bd04a1a88c99917bfc07b3d562d08a057e0467770d8853f53cb197f1e37b
data/03_aligned_puf_M1_M6/M3_10mA_40C_0/frame_0005.png,73557,4aea44bb4fffaa3db4fe73a7718b149fe0365cb50c7c5830cd315ae09fb9bcf4
data/03_aligned_puf_M1_M6/M3_20mA_20C_0/frame_0005.png,80902,b569237c8bb63401d65886a967fdb059decf8bde40527da819d9cc076cb36027
data/03_aligned_puf_M1_M6/M3_20mA_20C_0/frame_0006.png,68843,19164e1b932574e5514935fe27eb5107dad24a2a405734bb9eb576618094d5f1
data/03_aligned_puf_M1_M6/M3_20mA_30C_0/frame_0001.png,76017,d61fdc088272e9174ff15e4a6369d5d1509199f333c4323e842299c7618ff9bc
data/03_aligned_puf_M1_M6/M3_20mA_30C_0/frame_0008.png,77536,b1cd9684389e60f00a1631a42ce7cc6bcff385214505764bea35deec75fed972
data/03_aligned_puf_M1_M6/M3_20mA_40C_0/frame_0001.png,70663,85afbd68c519653ef6e495b0e36ac3e5b495ebb116c0c13345cece04fb58c95f
data/03_aligned_puf_M1_M6/M3_20mA_40C_0/frame_0005.png,83059,8e79db5c46029e9b4563e4d8cd540cc6806667f96e8582f9e0ec782521c8a2e4
data/03_aligned_puf_M1_M6/M3_30mA_20C_0/frame_0001.png,77141,88bda31f050c0f6d846b2c44803d5468bc6cc2228373ac4e3f93312d12a630f5
data/03_aligned_puf_M1_M6/M3_30mA_20C_0/frame_0007.png,79550,026e3669dfad217d88d44ff491723f7ba2ecade99dda797342ca3a8cba9728ce
data/03_aligned_puf_M1_M6/M3_30mA_30C_0/frame_0004.png,69251,9d022da05f808ad0e2e0a6194bb56a995976c8d691d16abd7afa145e051d42ad
data/03_aligned_puf_M1_M6/M3_30mA_30C_0/frame_0005.png,54686,80eba0598677203fe2823b92c5b3fe9a70ed88a4720b5f2ddad5b9ca61925f61
data/03_aligned_puf_M1_M6/M3_30mA_40C_0/frame_0003.png,78212,51d183fd93d4614f72931213ac2e673a2782370025a14fc9a8c7f42940bd133f
data/03_aligned_puf_M1_M6/M3_30mA_40C_0/frame_0004.png,63699,4b20f1d455e36edcafb65dba6a0f0386bd9311725405921e1e3aa79018f2dd2e
data/03_aligned_puf_M1_M6/M4_10mA_20C_0/frame_0001.png,66520,d3d1e48720f78d1706fcfddd4800ffd2121d40e770803c0bafdeaf49b3efeb8c
data/03_aligned_puf_M1_M6/M4_10mA_20C_0/frame_0005.png,53312,c16ac4a3f344e03306c66edc27acd381edd0d951c7e97d2b21644c6e31279ec1
data/03_aligned_puf_M1_M6/M4_10mA_30C_0/frame_0001.png,47884,f52b9a19d04faa367be043a890a6bcc1455bd43a9a93296e332e89196f5720bd
data/03_aligned_puf_M1_M6/M4_10mA_30C_0/frame_0005.png,79701,bfec09894b9385fc0b72b913929b5c93c5b639611275456088c1c860ab62f90a
data/03_aligned_puf_M1_M6/M4_10mA_40C_0/frame_0001.png,72473,9db73bc42b3f33eb91c1913d618444e56ee7e531fbcceb4e4252bd303fcef3d4
data/03_aligned_puf_M1_M6/M4_10mA_40C_0/frame_0005.png,88237,8d2f4d2c7218f7101ab35d4557fe35b8d1fb4c86f5b4f68d9ebfb29b74f57aac
data/03_aligned_puf_M1_M6/M4_20mA_20C_0/frame_0001.png,68785,1af2ac0805ef6e593397b0aedd14388912b383c4e899e677037a6846af8358b6
data/03_aligned_puf_M1_M6/M4_20mA_20C_0/frame_0005.png,71901,ee89fa22cf16dabf5076794fdfa7350cac24b8074130ac93d8d8979616af4828
data/03_aligned_puf_M1_M6/M4_20mA_30C_0/frame_0001.png,75589,03d3fd1d4110c72c963259a9aff900e29ff38ba5f727fb4385d4f30f08f5b6ea
data/03_aligned_puf_M1_M6/M4_20mA_30C_0/frame_0005.png,69508,1fe158d8fc091fac75c8d3ad06d2d6c841e26898fc93884aac960aef3e81df1a
data/03_aligned_puf_M1_M6/M4_20mA_40C_0/frame_0001.png,71845,78a872c32e04d2e11ec2c5973236a7171d2a791cfdd91c0e04c2ece9cbcc4275
data/03_aligned_puf_M1_M6/M4_20mA_40C_0/frame_0005.png,85313,d1f398f81b970080695ccc649196fea4d4eb8e5003baaeea0ec1d15b0939e2e1
data/03_aligned_puf_M1_M6/M4_30mA_20C_0/frame_0001.png,69823,f58fe1959ddf029ce0bd31b520dcccdaefc6d3da213cdea6a234f529b7f36046
data/03_aligned_puf_M1_M6/M4_30mA_20C_0/frame_0005.png,74244,4aab25114f7c9135b4fcfc0b96b9457c06dab4b10c2bdc302008bae6d5e6b14f
data/03_aligned_puf_M1_M6/M4_30mA_30C_0/frame_0001.png,70376,9cb675b870d782aa3ad6acbb013e9954e80cd02a645ab4af7dd243c2ddea6877
data/03_aligned_puf_M1_M6/M4_30mA_30C_0/frame_0005.png,70813,e3a3a4be7f392dae9b6698a23df2bb61592641d09015e952ab187d413f470961
data/03_aligned_puf_M1_M6/M4_30mA_40C_0/frame_0001.png,64928,b532745d36d8704cda59f3bc676856d7403355c7c42879612bde8f94e3983177
data/03_aligned_puf_M1_M6/M4_30mA_40C_0/frame_0005.png,74666,86b987a02c3a05e6ede37b764e1d166f4614771bc3e023f222f4101ae01e8a62
data/03_aligned_puf_M1_M6/M5_10mA_20C_0/frame_0001.png,84819,4ea439b5c3534c6a76fcecb04b1665a3432d25cb5d4cd73eb38973ec835bcd64
data/03_aligned_puf_M1_M6/M5_10mA_20C_0/frame_0004.png,89990,f9ad9640d887f2758a7375e1491bcec29ac59a29ac40b3a91117ee1f88184540
data/03_aligned_puf_M1_M6/M5_10mA_30C_0/frame_0001.png,80995,8db5d8421a8541ad29a1b287e4c4c843853f032dcc1089e046a7732cae32d96a
data/03_aligned_puf_M1_M6/M5_10mA_30C_0/frame_0002.png,84594,4ff981aeb2e87c9c243e5592566c16803cd9c730d1cd2b16838455fc01411694
data/03_aligned_puf_M1_M6/M5_10mA_40C_0/frame_0002.png,89435,17e99c55e927e88db34cc13136703ce91ce430e6b2ff40f7ccaa7b04c6c7271a
data/03_aligned_puf_M1_M6/M5_10mA_40C_0/frame_0004.png,83567,82851ef8855fdd732a45262ec8185ad50e9472421404e9bf5634457e6201a862
data/03_aligned_puf_M1_M6/M5_20mA_20C_0/frame_0004.png,105562,b18077fb8077796d64f4419ba1cae86d842b82e19b99ef6c1bc4279679479c6c
data/03_aligned_puf_M1_M6/M5_20mA_20C_0/frame_0006.png,74319,bfcbd286865699eda98b45d782d5c76f5b869726c6e020b929a739fb24c1c1a8
data/03_aligned_puf_M1_M6/M5_20mA_30C_0/frame_0003.png,100267,af7d98fb3eae6aacc81deebb9d4c3a0dae2b0046c267197f1a58377fd8d76c7c
data/03_aligned_puf_M1_M6/M5_20mA_30C_0/frame_0004.png,78107,77d23b8bcf176ee8b9e2fbe5c01fae1db597c39b2f236eaada6c4a840a6eb001
data/03_aligned_puf_M1_M6/M5_20mA_40C_0/frame_0006.png,67432,43acd817c1125a9747c9049bc6025ffe666a2ec79979307ae7467c15feef58ce
data/03_aligned_puf_M1_M6/M5_20mA_40C_0/frame_0009.png,87083,8b6f186fe355f770e3bef92190df111e1f8162ac52da7c46e533c50e6d14d217
data/03_aligned_puf_M1_M6/M5_30mA_20C_0/frame_0003.png,104174,82671dd6d7ff1f63808d3470f735bcd18fc85a56ddb26e52e2d311da50b4875d
data/03_aligned_puf_M1_M6/M5_30mA_20C_0/frame_0004.png,80817,9a15efbbb6a9f34256b0ad49e1949467cc09e2d921aa7227c0d62ac6a177d20c
data/03_aligned_puf_M1_M6/M5_30mA_30C_0/frame_0005.png,84027,2387bc88df867648231ff74676abe3964c78cd446cc6421513a49ff4febcb0f9
data/03_aligned_puf_M1_M6/M5_30mA_30C_0/frame_0006.png,94234,96796306ef7a57089cd0df7708fe81988a2eef15196c16872bc72a174328fff8
data/03_aligned_puf_M1_M6/M5_30mA_40C_0/frame_0008.png,80832,9c736831342a3f7c372a094106d9649d3c15e265d9b6bfe62896341ec8bbec1e
data/03_aligned_puf_M1_M6/M5_30mA_40C_0/frame_0017.png,97411,62161cfb96c6669641e848632f1a274882fef30b9772f757c9e8cc781fcb72cd
data/03_aligned_puf_M1_M6/M6_10mA_20C_0/frame_0001.png,70335,ffa5c2ff677b3e2b1a9a5a8f0d7069e04bf759b44a0631513771dbc68321b74c
data/03_aligned_puf_M1_M6/M6_10mA_20C_0/frame_0003.png,93180,dee94a13f5ea05573f4b3997cab4e1e9871ebff9790ec6f72059a2f7b640aee9
data/03_aligned_puf_M1_M6/M6_10mA_30C_0/frame_0004.png,81141,1ee0543711a41dbf6ebf1ffe3e8c4a68d5e6b687494a37d6ab41d75538cdffd5
data/03_aligned_puf_M1_M6/M6_10mA_30C_0/frame_0011.png,90440,498ee7ea3459158252069114d382928f5538f6b939b7c8b4e685f66543e3a0f5
data/03_aligned_puf_M1_M6/M6_10mA_40C_0/frame_0004.png,69567,66bfd3559db636ac37d74e0914dcb5be6f97c49661c90a1f8762f38c8fdb801c
data/03_aligned_puf_M1_M6/M6_10mA_40C_0/frame_0021.png,47574,ab947679aa43bc259de9d9511e5d6122b3061b0fb5f058bdd3b3e0a5d7e15fbe
data/03_aligned_puf_M1_M6/M6_20mA_20C_0/frame_0005.png,88902,077439cfd67a08646c3e71626389751aa587d8fa8dc39fb571adbafb2bafada9
data/03_aligned_puf_M1_M6/M6_20mA_20C_0/frame_0009.png,101794,fd2e40cdc30a5117ef9708746d233c35e2f6ac34bd1dc7b651f78b1bc8004783
data/03_aligned_puf_M1_M6/M6_20mA_30C_0/frame_0001.png,79809,6e1cab0cfb4915d97b7334bc73722500e5f935a6736abf8c8d223078d18d570e
data/03_aligned_puf_M1_M6/M6_20mA_30C_0/frame_0007.png,74705,ce58f31aba6df7665f46db73fd70d3d3fa56cd5d9960a4963fc2075967dc38e0
data/03_aligned_puf_M1_M6/M6_20mA_40C_0/frame_0001.png,65066,6c54187feef80f2827cd15f2f73c903ac845a48686a3fa2e1be17099c19f359d
data/03_aligned_puf_M1_M6/M6_20mA_40C_0/frame_0002.png,73929,ba874dbc44971576f661fe39cdf09274b70cea45b76ca18116fb313bd80afe1b
data/03_aligned_puf_M1_M6/M6_30mA_20C_0/frame_0006.png,68568,a71ace11908efad1587e0bd479be40c58283dc0ca8be6fb994ae447ec8fcb691
data/03_aligned_puf_M1_M6/M6_30mA_20C_0/frame_0010.png,76840,384dfb79c413e3971e22f0084c8500e0f838c1f2d266741f8625249fa824b452
data/03_aligned_puf_M1_M6/M6_30mA_30C_0/frame_0007.png,76945,9f9560488e586f3ecc9f9a03e59055845bbbe6185585dbac725180e11d931245
data/03_aligned_puf_M1_M6/M6_30mA_30C_0/frame_0008.png,68788,783e4b3463e29be5a435268c61d7946cbc978ee466a7a70be6e457fb2da92d1d
data/03_aligned_puf_M1_M6/M6_30mA_40C_0/frame_0013.png,75611,13a40fdc64c247821a7c3c239fc12fd883fbea76a39514fe12f6471dce8d6303
data/03_aligned_puf_M1_M6/M6_30mA_40C_0/frame_0014.png,90442,339d6b66721e4f11ad6852b02dbc9614005fb7775cf88268d3381371be84a0e6
data/DATASET_INDEX.csv,370,005e6ea69bbd0636c8e728c1712f7e86eaf905b9b1ab200e98a055a1c6bbb3ac
data/README.md,1387,f52f02638b28d793f6f2309306a7a6e34bb2cd694e02d6b73133ddc9b4b1ff4b
data/SAMPLE_FILE_SHA256.csv,60727,47026da85b2de29153bd7392936aa6718a9c19f04ef6f82bbb90f7bffed45a7d
docs/FRONTEND_MODEL_TRAINING_AND_SELECTION.md,560,9c532f20c8110a368509cde5eb98d653fcc7b86b2d2b165ba0dd38a915db18f6
docs/PIPELINE.md,1100,dbf33437f3a7dd51b3264f9bc5dde1e3127b89519d2287793997d4704ae7ec10
docs/REPRODUCIBILITY.md,543,f82679e1bb707e2ba7ea0c50e03113e58530bd08c1a582448bd9716b8792c338
docs/STABILITY_ONLY_ENROLLMENT.md,917,5fb5bcbca266aa3e97b62feaf4ce677125b29e8c6b29d105c662800dae4d19cf
LICENSE_SELECTION_REQUIRED.md,612,3b9ec3fdffe7812cde05eaef57101f7c7047ab4be740ee65026ab3682ea53a2f
models/enrollment_stability_only_manifest.json,150761,fc129b9eeef27b3760b94985ae7fb3517de3f8dd628d91bf4fb40d8fb005dc5d
models/expanded_luma_support_payload.npz,444078,674fdd3e5b9f60ff4288f7f1ab5247d49e4819ea073120b1df2e8cac935e251a
models/luma_spatial_head_stn.pt,5458613,88b5566e86e59eb0ae77da02939c156be9fa5803fe00344d4f1b51f4f49974b0
models/stability_only_candidate_profile.npz,13994,626046f1fce87f4b1c6e9a2357c1cdcd3687578504522fe4b2a366376bb61753
models/yolo11n_microled_best.onnx,10478113,b76b9093af931377a1e25825c22981952dedddf91915f266f99a5887f30729ca
models/yolo11n_microled_best.pt,5430554,411bdc709855838548550250eb22333a7b07837e4d6c938b9a58c5c6809a3136
pipeline/common.py,3902,2d8fbf02c31993c41214ecc3e6960c8c6535eac39727cfcf34654387e358e546
pipeline/README.md,874,24d6f0cba97c5d13167c54e315b9ef286a5847e635c4faaf4e36d97280c5d8ba
pipeline/run_all_m1_m6.py,3345,929296ea4526c621dbfc821833054af46b2a9debd6fc6b31dbab5b4707e8a5e4
pipeline/stage_01_train_yolo.py,3113,493b164f8c482dfef2829046e27eff8622d3df5a95cfae88666e56c9f654c798
pipeline/stage_02_train_stn.py,2358,2291594446ad945460da946c6a802a0c1d1d25cd3e06d7583ada279041ce4f8c
pipeline/stage_03_align_raw.py,3260,7c091b7a73c3d559a4af3f599848aa802a78a5a6e144348dc6a3daad20f535a4
pipeline/stage_04_puf_fuzzy.py,7025,994b2f323097bf244ce33dae857c760117f4ab84b84a2648b3b323f0f016fd40
README.md,2370,8823e44c46d241984cc68c1e719eaffed01ea066fcc1f89115f54e716381cd86
requirements-tested.txt,126,784db15d2e26e6c4d01207e8c34f67d5d0b2b33f03845442d428daaeb6320322
requirements.txt,68,9422358fcb3f8a80205428948a1ed9f1570d01293d5b9998f146a4d7e235ef77
scripts/build_release_indexes.py,4952,fcbfa7447b7534ac272ddad1fd3d084613b93502afeb9f29389e2b1c5f792b7d
scripts/smoke_single_shot.py,2702,3604501ab9bad98875beb709f8fe2d6b92d0a0d363a7438a597b98339885c650
scripts/validate_release.py,792,2b29d7dd4ec5b1b9da2a184ebb904073cc095e8225c400a45574f696109ae894
tests/test_release_smoke.py,2346,0d1f6a67433d6619ca2dd825a7740e9819ad74f8b24ae48a1c3d0f344072c43f
training/microled_prepare_affine_alignment_pairs.py,8263,1bfe3d1c44fb4b984b042ae1334735fa1e2d23ef9014eb0d82388257fbf60325
training/microled_prepare_light_detector_dataset.py,7407,379acf6a63a6fec2b9bf681b178593a15fa37c0ca47288aa249c2907bdd63779
training/microled_register_raw_frames_level2.py,19754,1b2c00f64d0a904b28b84e8c88714ca0f527b5f7aa9396aa1444ec572689e876
training/microled_train_cross_aware_rigid_stn.py,23408,89941d946e37d1d6472d7241fadd58c809af8d34f1b7539fdc1bfd3cfbe987d2
training/microled_train_luma_spatial_head_stn.py,17077,61a147ac88c2abe00babe49d87856976de46125ef4da4b90750c8fa79cddd88e
training/microled_train_similarity_stn_256.py,23329,53211ab4533583d4d4870b9d9b052e1c8fe0319be97f0dc64223f4c3d171f6ff
training/microled_train_spatial_head_stn.py,9492,3a20bd3e49efb135f86b04110ee68d45ff55a861386a692a69c5fc5a485048dd
training/microled_train_ultralight_yolo.py,2363,fa0db1515baddec91ea9f89287fe61ddbe1c746f9bc6fd65d77f9491695e6f80
training/README.md,474,ccb5bfdf62240d9b7e4115c81abb3203bb8a202b0d53b4233d441f1def3c7e08
VALIDATION.md,566,cdf2fd816f122d964565f0c62acc010fbd12ae7fe12185c2c6faccd9a580407d
